material,mX_MeV,sigma_e_cm2,FDMn,ne,location,date,cadence_minutes,modulated_source,screening,variant,mediator_spin,form_factor_type,rate_min,rate_max,average,amplitude,fractional_amplitude,daily_rates_file
Si,0.01,1e-42,2,1,JUNO,2024-08-08,10,Verne,rpa,composite,vector,qcdark2,1.6486318257067092e-32,1.6486318266017437e-32,1.6486318261021126e-32,4.4751725437302075e-42,2.714476618051789e-10,/home/ansh/Projects/SENSEI/DarkMatterRates/modulation_study/srdm_solar_reflection_rates/Si_qcdark2_rpa_composite_vector_FDM2_ne1/Verne_JUNO_2024-08-08_cadence10min/daily_rates/mX_0_01_MeV_sigmaE_1em42_cm2.csv
Si,0.01,3.16e-42,2,1,JUNO,2024-08-08,10,Verne,rpa,composite,vector,qcdark2,1.6548180598731405e-31,1.65481806271413e-31,1.6548180611282168e-31,1.4204947206158717e-40,8.583993334272719e-10,/home/ansh/Projects/SENSEI/DarkMatterRates/modulation_study/srdm_solar_reflection_rates/Si_qcdark2_rpa_composite_vector_FDM2_ne1/Verne_JUNO_2024-08-08_cadence10min/daily_rates/mX_0_01_MeV_sigmaE_3_16em42_cm2.csv
Si,0.01,1e-41,2,1,JUNO,2024-08-08,10,Verne,rpa,composite,vector,qcdark2,1.638154217591455e-30,1.638154226486106e-30,1.6381542215209544e-30,4.4473254589507976e-39,2.7148392993314456e-09,/home/ansh/Projects/SENSEI/DarkMatterRates/modulation_study/srdm_solar_reflection_rates/Si_qcdark2_rpa_composite_vector_FDM2_ne1/Verne_JUNO_2024-08-08_cadence10min/daily_rates/mX_0_01_MeV_sigmaE_1em41_cm2.csv
Si,0.01,3.16e-41,2,1,JUNO,2024-08-08,10,Verne,rpa,composite,vector,qcdark2,1.6995089995196122e-29,1.699509028697885e-29,1.6995090124098984e-29,1.458913635412672e-37,8.584324206342025e-09,/home/ansh/Projects/SENSEI/DarkMatterRates/modulation_study/srdm_solar_reflection_rates/Si_qcdark2_rpa_composite_vector_FDM2_ne1/Verne_JUNO_2024-08-08_cadence10min/daily_rates/mX_0_01_MeV_sigmaE_3_16em41_cm2.csv
Si,0.01,1e-40,2,1,JUNO,2024-08-08,10,Verne,rpa,composite,vector,qcdark2,1.619762080715618e-28,1.6197621686572808e-28,1.6197621195663253e-28,4.397083141260274e-36,2.7146474708505638e-08,/home/ansh/Projects/SENSEI/DarkMatterRates/modulation_study/srdm_solar_reflection_rates/Si_qcdark2_rpa_composite_vector_FDM2_ne1/Verne_JUNO_2024-08-08_cadence10min/daily_rates/mX_0_01_MeV_sigmaE_1em40_cm2.csv
Si,0.01,3.16e-40,2,1,JUNO,2024-08-08,10,Verne,rpa,composite,vector,qcdark2,1.6120443999554593e-27,1.6120446766926625e-27,1.6120445222098046e-27,1.383686016108249e-34,8.583423081959797e-08,/home/ansh/Projects/SENSEI/DarkMatterRates/modulation_study/srdm_solar_reflection_rates/Si_qcdark2_rpa_composite_vector_FDM2_ne1/Verne_JUNO_2024-08-08_cadence10min/daily_rates/mX_0_01_MeV_sigmaE_3_16em40_cm2.csv
Si,0.01,1e-39,2,1,JUNO,2024-08-08,10,Verne,rpa,composite,vector,qcdark2,1.522449176283198e-26,1.5224500026995754e-26,1.5224495413655162e-26,4.132081887473051e-33,2.7141010425651956e-07,/home/ansh/Projects/SENSEI/DarkMatterRates/modulation_study/srdm_solar_reflection_rates/Si_qcdark2_rpa_composite_vector_FDM2_ne1/Verne_JUNO_2024-08-08_cadence10min/daily_rates/mX_0_01_MeV_sigmaE_1em39_cm2.csv
Si,0.01,3.16e-39,2,1,JUNO,2024-08-08,10,Verne,rpa,composite,vector,qcdark2,1.3180607939012341e-25,1.3180630570675346e-25,1.3180617937304707e-25,1.1315831502483927e-31,8.58520560743747e-07,/home/ansh/Projects/SENSEI/DarkMatterRates/modulation_study/srdm_solar_reflection_rates/Si_qcdark2_rpa_composite_vector_FDM2_ne1/Verne_JUNO_2024-08-08_cadence10min/daily_rates/mX_0_01_MeV_sigmaE_3_16em39_cm2.csv
Si,0.01,1e-38,2,1,JUNO,2024-08-08,10,Verne,rpa,composite,vector,qcdark2,8.2309352758639445e-25,8.23098002255701e-25,8.230955047674763e-25,2.2373346532620573e-30,2.7181956896898643e-06,/home/ansh/Projects/SENSEI/DarkMatterRates/modulation_study/srdm_solar_reflection_rates/Si_qcdark2_rpa_composite_vector_FDM2_ne1/Verne_JUNO_2024-08-08_cadence10min/daily_rates/mX_0_01_MeV_sigmaE_1em38_cm2.csv
Si,0.01,3.16e-38,2,1,JUNO,2024-08-08,10,Verne,rpa,composite,vector,qcdark2,3.205595038139472e-24,3.205650335903493e-24,3.2056194839304223e-24,2.7648882010497955e-29,8.625129136224727e-06,/home/ansh/Projects/SENSEI/DarkMatterRates/modulation_study/srdm_solar_reflection_rates/Si_qcdark2_rpa_composite_vector_FDM2_ne1/Verne_JUNO_2024-08-08_cadence10min/daily_rates/mX_0_01_MeV_sigmaE_3_16em38_cm2.csv
Si,0.01,1e-37,2,1,JUNO,2024-08-08,10,Verne,rpa,composite,vector,qcdark2,9.380138858763435e-24,9.380651563930595e-24,9.380365578617763e-24,2.5635258358029357e-28,2.7328634628552312e-05,/home/ansh/Projects/SENSEI/DarkMatterRates/modulation_study/srdm_solar_reflection_rates/Si_qcdark2_rpa_composite_vector_FDM2_ne1/Verne_JUNO_2024-08-08_cadence10min/daily_rates/mX_0_01_MeV_sigmaE_1em37_cm2.csv
Si,0.01,3.16e-37,2,1,JUNO,2024-08-08,10,Verne,rpa,composite,vector,qcdark2,2.5374945332099042e-23,2.5379323360869637e-23,2.5376880847486438e-23,2.1890143852974516e-27,8.626018297730519e-05,/home/ansh/Projects/SENSEI/DarkMatterRates/modulation_study/srdm_solar_reflection_rates/Si_qcdark2_rpa_composite_vector_FDM2_ne1/Verne_JUNO_2024-08-08_cadence10min/daily_rates/mX_0_01_MeV_sigmaE_3_16em37_cm2.csv
Si,0.01,1e-36,2,1,JUNO,2024-08-08,10,Verne,rpa,composite,vector,qcdark2,6.865675405366949e-23,6.869416360243435e-23,6.86732905301324e-23,1.870477438242584e-26,0.0002723733526969787,/home/ansh/Projects/SENSEI/DarkMatterRates/modulation_study/srdm_solar_reflection_rates/Si_qcdark2_rpa_composite_vector_FDM2_ne1/Verne_JUNO_2024-08-08_cadence10min/daily_rates/mX_0_01_MeV_sigmaE_1em36_cm2.csv
Si,0.01,3.16e-36,2,1,JUNO,2024-08-08,10,Verne,rpa,composite,vector,qcdark2,1.788976985585462e-22,1.7920584274863576e-22,1.7903392598633443e-22,1.540720950447755e-25,0.0008605748558322725,/home/ansh/Projects/SENSEI/DarkMatterRates/modulation_study/srdm_solar_reflection_rates/Si_qcdark2_rpa_composite_vector_FDM2_ne1/Verne_JUNO_2024-08-08_cadence10min/daily_rates/mX_0_01_MeV_sigmaE_3_16em36_cm2.csv
Si,0.01,1e-35,2,1,JUNO,2024-08-08,10,Verne,rpa,composite,vector,qcdark2,4.2189748006859724e-22,4.2419496584429315e-22,4.2291365219998173e-22,1.1487428878479542e-24,0.002716258701681146,/home/ansh/Projects/SENSEI/DarkMatterRates/modulation_study/srdm_solar_reflection_rates/Si_qcdark2_rpa_composite_vector_FDM2_ne1/Verne_JUNO_2024-08-08_cadence10min/daily_rates/mX_0_01_MeV_sigmaE_1em35_cm2.csv
Si,0.01,3.16e-35,2,1,JUNO,2024-08-08,10,Verne,rpa,composite,vector,qcdark2,8.870914180754554e-22,9.023623860792615e-22,8.938561564447656e-22,7.635484001903046e-24,0.008542184272995908,/home/ansh/Projects/SENSEI/DarkMatterRates/modulation_study/srdm_solar_reflection_rates/Si_qcdark2_rpa_composite_vector_FDM2_ne1/Verne_JUNO_2024-08-08_cadence10min/daily_rates/mX_0_01_MeV_sigmaE_3_16em35_cm2.csv
Si,0.01,1e-34,2,1,JUNO,2024-08-08,10,Verne,rpa,composite,vector,qcdark2,1.4892576965673199e-21,1.5699435398933547e-21,1.525151292849371e-21,4.034292166301741e-23,0.026451750624455466,/home/ansh/Projects/SENSEI/DarkMatterRates/modulation_study/srdm_solar_reflection_rates/Si_qcdark2_rpa_composite_vector_FDM2_ne1/Verne_JUNO_2024-08-08_cadence10min/daily_rates/mX_0_01_MeV_sigmaE_1em34_cm2.csv
Si,0.01,3.16e-34,2,1,JUNO,2024-08-08,10,Verne,rpa,composite,vector,qcdark2,2.1468305910882084e-21,2.5086218087970077e-21,2.309691190228576e-21,1.8089560885439967e-22,0.07832025753905981,/home/ansh/Projects/SENSEI/DarkMatterRates/modulation_study/srdm_solar_reflection_rates/Si_qcdark2_rpa_composite_vector_FDM2_ne1/Verne_JUNO_2024-08-08_cadence10min/daily_rates/mX_0_01_MeV_sigmaE_3_16em34_cm2.csv
Si,0.01,1e-33,2,1,JUNO,2024-08-08,10,Verne,rpa,composite,vector,qcdark2,3.651555257210951e-21,5.522382138248468e-21,4.5174906532670085e-21,9.354134405187585e-22,0.20706483141083556,/home/ansh/Projects/SENSEI/DarkMatterRates/modulation_study/srdm_solar_reflection_rates/Si_qcdark2_rpa_composite_vector_FDM2_ne1/Verne_JUNO_2024-08-08_cadence10min/daily_rates/mX_0_01_MeV_sigmaE_1em33_cm2.csv
Si,0.013,1e-42,2,1,JUNO,2024-08-08,10,Verne,rpa,composite,vector,qcdark2,6.813407218802468e-33,6.813407222523419e-33,6.813407220445282e-33,1.860475507209003e-42,2.7306095863846135e-10,/home/ansh/Projects/SENSEI/DarkMatterRates/modulation_study/srdm_solar_reflection_rates/Si_qcdark2_rpa_composite_vector_FDM2_ne1/Verne_JUNO_2024-08-08_cadence10min/daily_rates/mX_0_013_MeV_sigmaE_1em42_cm2.csv
Si,0.013,3.16e-42,2,1,JUNO,2024-08-08,10,Verne,rpa,composite,vector,qcdark2,6.752743442966899e-32,6.752743454626959e-32,6.752743448114739e-32,5.830030006371335e-41,8.633572489710073e-10,/home/ansh/Projects/SENSEI/DarkMatterRates/modulation_study/srdm_solar_reflection_rates/Si_qcdark2_rpa_composite_vector_FDM2_ne1/Verne_JUNO_2024-08-08_cadence10min/daily_rates/mX_0_013_MeV_sigmaE_3_16em42_cm2.csv
Si,0.013,1e-41,2,1,JUNO,2024-08-08,10,Verne,rpa,composite,vector,qcdark2,6.8147371483820064e-31,6.814737185585697e-31,6.814737164806764e-31,1.8601845188247706e-39,2.729649689838797e-09,/home/ansh/Projects/SENSEI/DarkMatterRates/modulation_study/srdm_solar_reflection_rates/Si_qcdark2_rpa_composite_vector_FDM2_ne1/Verne_JUNO_2024-08-08_cadence10min/daily_rates/mX_0_013_MeV_sigmaE_1em41_cm2.csv
Si,0.013,3.16e-41,2,1,JUNO,2024-08-08,10,Verne,rpa,composite,vector,qcdark2,6.827770347862105e-30,6.827770465702123e-30,6.827770399884305e-30,5.89200090704402e-38,8.629465494539561e-09,/home/ansh/Projects/SENSEI/DarkMatterRates/modulation_study/srdm_solar_reflection_rates/Si_qcdark2_rpa_composite_vector_FDM2_ne1/Verne_JUNO_2024-08-08_cadence10min/daily_rates/mX_0_013_MeV_sigmaE_3_16em41_cm2.csv
Si,0.013,1e-40,2,1,JUNO,2024-08-08,10,Verne,rpa,composite,vector,qcdark2,6.793305685912045e-29,6.793306056827606e-29,6.793305849668088e-29,1.854577801405716e-36,2.730007808343162e-08,/home/ansh/Projects/SENSEI/DarkMatterRates/modulation_study/srdm_solar_reflection_rates/Si_qcdark2_rpa_composite_vector_FDM2_ne1/Verne_JUNO_2024-08-08_cadence10min/daily_rates/mX_0_013_MeV_sigmaE_1em40_cm2.csv
Si,0.013,3.16e-40,2,1,JUNO,2024-08-08,10,Verne,rpa,composite,vector,qcdark2,6.621522267711153e-28,6.621523411162385e-28,6.621522772543047e-28,5.717256161843453e-35,8.63435248693964e-08,/home/ansh/Projects/SENSEI/DarkMatterRates/modulation_study/srdm_solar_reflection_rates/Si_qcdark2_rpa_composite_vector_FDM2_ne1/Verne_JUNO_2024-08-08_cadence10min/daily_rates/mX_0_013_MeV_sigmaE_3_16em40_cm2.csv
Si,0.013,1e-39,2,1,JUNO,2024-08-08,10,Verne,rpa,composite,vector,qcdark2,6.700705362908042e-27,6.700709022034809e-27,6.700706978407222e-27,1.8295633838589537e-33,2.730403507800973e-07,/home/ansh/Projects/SENSEI/DarkMatterRates/modulation_study/srdm_solar_reflection_rates/Si_qcdark2_rpa_composite_vector_FDM2_ne1/Verne_JUNO_2024-08-08_cadence10min/daily_rates/mX_0_013_MeV_sigmaE_1em39_cm2.csv
Si,0.013,3.16e-39,2,1,JUNO,2024-08-08,10,Verne,rpa,composite,vector,qcdark2,5.854976330545928e-26,5.854986441210603e-26,5.854980794391582e-26,5.055332337334996e-32,8.634242390986901e-07,/home/ansh/Projects/SENSEI/DarkMatterRates/modulation_study/srdm_solar_reflection_rates/Si_qcdark2_rpa_composite_vector_FDM2_ne1/Verne_JUNO_2024-08-08_cadence10min/daily_rates/mX_0_013_MeV_sigmaE_3_16em39_cm2.csv
Si,0.013,1e-38,2,1,JUNO,2024-08-08,10,Verne,rpa,composite,vector,qcdark2,4.08445870130855e-25,4.0844810217517706e-25,4.084468556811243e-25,1.1160221610319935e-30,2.7323558634596894e-06,/home/ansh/Projects/SENSEI/DarkMatterRates/modulation_study/srdm_solar_reflection_rates/Si_qcdark2_rpa_composite_vector_FDM2_ne1/Verne_JUNO_2024-08-08_cadence10min/daily_rates/mX_0_013_MeV_sigmaE_1em38_cm2.csv
Si,0.013,3.16e-38,2,1,JUNO,2024-08-08,10,Verne,rpa,composite,vector,qcdark2,1.9220855189243714e-24,1.9221188295289204e-24,1.9221002329750206e-24,1.6655302274498384e-29,8.665158033262064e-06,/home/ansh/Projects/SENSEI/DarkMatterRates/modulation_study/srdm_solar_reflection_rates/Si_qcdark2_rpa_composite_vector_FDM2_ne1/Verne_JUNO_2024-08-08_cadence10min/daily_rates/mX_0_013_MeV_sigmaE_3_16em38_cm2.csv
Si,0.013,1e-37,2,1,JUNO,2024-08-08,10,Verne,rpa,composite,vector,qcdark2,6.085215927180424e-24,6.085550803931924e-24,6.0853639357417225e-24,1.6743837575005153e-28,2.75149321417936e-05,/home/ansh/Projects/SENSEI/DarkMatterRates/modulation_study/srdm_solar_reflection_rates/Si_qcdark2_rpa_composite_vector_FDM2_ne1/Verne_JUNO_2024-08-08_cadence10min/daily_rates/mX_0_013_MeV_sigmaE_1em37_cm2.csv
Si,0.013,3.16e-37,2,1,JUNO,2024-08-08,10,Verne,rpa,composite,vector,qcdark2,1.7322884431360282e-23,1.7325895871742405e-23,1.7324215260640655e-23,1.5057201910613386e-27,8.69141931341747e-05,/home/ansh/Projects/SENSEI/DarkMatterRates/modulation_study/srdm_solar_reflection_rates/Si_qcdark2_rpa_composite_vector_FDM2_ne1/Verne_JUNO_2024-08-08_cadence10min/daily_rates/mX_0_013_MeV_sigmaE_3_16em37_cm2.csv
Si,0.013,1e-36,2,1,JUNO,2024-08-08,10,Verne,rpa,composite,vector,qcdark2,4.7032408159768274e-23,4.7058217016652705e-23,4.704381140919854e-23,1.2904428442215591e-26,0.0002743066102780178,/home/ansh/Projects/SENSEI/DarkMatterRates/modulation_study/srdm_solar_reflection_rates/Si_qcdark2_rpa_composite_vector_FDM2_ne1/Verne_JUNO_2024-08-08_cadence10min/daily_rates/mX_0_013_MeV_sigmaE_1em36_cm2.csv
Si,0.013,3.16e-36,2,1,JUNO,2024-08-08,10,Verne,rpa,composite,vector,qcdark2,1.258837814977745e-22,1.2610191865191615e-22,1.259801592928666e-22,1.0906857707082756e-25,0.0008657599552424394,/home/ansh/Projects/SENSEI/DarkMatterRates/modulation_study/srdm_solar_reflection_rates/Si_qcdark2_rpa_composite_vector_FDM2_ne1/Verne_JUNO_2024-08-08_cadence10min/daily_rates/mX_0_013_MeV_sigmaE_3_16em36_cm2.csv
Si,0.013,1e-35,2,1,JUNO,2024-08-08,10,Verne,rpa,composite,vector,qcdark2,3.053101781215135e-22,3.0698299050616246e-22,3.0604962780604404e-22,8.364061923244808e-25,0.0027329103398045793,/home/ansh/Projects/SENSEI/DarkMatterRates/modulation_study/srdm_solar_reflection_rates/Si_qcdark2_rpa_composite_vector_FDM2_ne1/Verne_JUNO_2024-08-08_cadence10min/daily_rates/mX_0_013_MeV_sigmaE_1em35_cm2.csv
Si,0.013,3.16e-35,2,1,JUNO,2024-08-08,10,Verne,rpa,composite,vector,qcdark2,6.634042475630268e-22,6.748971125736861e-22,6.684926241876744e-22,5.746432505329651e-24,0.008596104575293537,/home/ansh/Projects/SENSEI/DarkMatterRates/modulation_study/srdm_solar_reflection_rates/Si_qcdark2_rpa_composite_vector_FDM2_ne1/Verne_JUNO_2024-08-08_cadence10min/daily_rates/mX_0_013_MeV_sigmaE_3_16em35_cm2.csv
Si,0.013,1e-34,2,1,JUNO,2024-08-08,10,Verne,rpa,composite,vector,qcdark2,1.2484178693906293e-21,1.316500453473106e-21,1.2786905273199793e-21,3.404129204123834e-23,0.026621994387168755,/home/ansh/Projects/SENSEI/DarkMatterRates/modulation_study/srdm_solar_reflection_rates/Si_qcdark2_rpa_composite_vector_FDM2_ne1/Verne_JUNO_2024-08-08_cadence10min/daily_rates/mX_0_013_MeV_sigmaE_1em34_cm2.csv
Si,0.013,3.16e-34,2,1,JUNO,2024-08-08,10,Verne,rpa,composite,vector,qcdark2,1.911068982812009e-21,2.235318829859818e-21,2.0569826440308908e-21,1.6212492352390443e-22,0.07881686507874576,/home/ansh/Projects/SENSEI/DarkMatterRates/modulation_study/srdm_solar_reflection_rates/Si_qcdark2_rpa_composite_vector_FDM2_ne1/Verne_JUNO_2024-08-08_cadence10min/daily_rates/mX_0_013_MeV_sigmaE_3_16em34_cm2.csv
Si,0.013,1e-33,2,1,JUNO,2024-08-08,10,Verne,rpa,composite,vector,qcdark2,3.0233701179691723e-21,4.584345785352647e-21,3.74590475874775e-21,7.804878336917373e-22,0.2083576289197094,/home/ansh/Projects/SENSEI/DarkMatterRates/modulation_study/srdm_solar_reflection_rates/Si_qcdark2_rpa_composite_vector_FDM2_ne1/Verne_JUNO_2024-08-08_cadence10min/daily_rates/mX_0_013_MeV_sigmaE_1em33_cm2.csv
Si,0.016,1e-42,2,1,JUNO,2024-08-08,10,Verne,rpa,composite,vector,qcdark2,2.8793658868441934e-33,2.8793658884266778e-33,2.8793658875422238e-33,7.912421857507476e-43,2.747973743712502e-10,/home/ansh/Projects/SENSEI/DarkMatterRates/modulation_study/srdm_solar_reflection_rates/Si_qcdark2_rpa_composite_vector_FDM2_ne1/Verne_JUNO_2024-08-08_cadence10min/daily_rates/mX_0_016_MeV_sigmaE_1em42_cm2.csv
Si,0.016,3.16e-42,2,1,JUNO,2024-08-08,10,Verne,rpa,composite,vector,qcdark2,2.924466998263712e-32,2.924467003345902e-32,2.9244670005054275e-32,2.541095203138075e-41,8.689088311473183e-10,/home/ansh/Projects/SENSEI/DarkMatterRates/modulation_study/srdm_solar_reflection_rates/Si_qcdark2_rpa_composite_vector_FDM2_ne1/Verne_JUNO_2024-08-08_cadence10min/daily_rates/mX_0_016_MeV_sigmaE_3_16em42_cm2.csv
Si,0.016,1e-41,2,1,JUNO,2024-08-08,10,Verne,rpa,composite,vector,qcdark2,2.9252369068317213e-31,2.9252369229058693e-31,2.925236913921787e-31,8.037073992918496e-40,2.747495067722021e-09,/home/ansh/Projects/SENSEI/DarkMatterRates/modulation_study/srdm_solar_reflection_rates/Si_qcdark2_rpa_composite_vector_FDM2_ne1/Verne_JUNO_2024-08-08_cadence10min/daily_rates/mX_0_016_MeV_sigmaE_1em41_cm2.csv
Si,0.016,3.16e-41,2,1,JUNO,2024-08-08,10,Verne,rpa,composite,vector,qcdark2,2.8846598276997055e-30,2.8846598778456622e-30,2.8846598498196516e-30,2.507297835048766e-38,8.691831847021832e-09,/home/ansh/Projects/SENSEI/DarkMatterRates/modulation_study/srdm_solar_reflection_rates/Si_qcdark2_rpa_composite_vector_FDM2_ne1/Verne_JUNO_2024-08-08_cadence10min/daily_rates/mX_0_016_MeV_sigmaE_3_16em41_cm2.csv
Si,0.016,1e-40,2,1,JUNO,2024-08-08,10,Verne,rpa,composite,vector,qcdark2,2.9672642170781267e-29,2.967264380189102e-29,2.9672642890277706e-29,8.155548766683527e-37,2.748507706860081e-08,/home/ansh/Projects/SENSEI/DarkMatterRates/modulation_study/srdm_solar_reflection_rates/Si_qcdark2_rpa_composite_vector_FDM2_ne1/Verne_JUNO_2024-08-08_cadence10min/daily_rates/mX_0_016_MeV_sigmaE_1em40_cm2.csv
Si,0.016,3.16e-40,2,1,JUNO,2024-08-08,10,Verne,rpa,composite,vector,qcdark2,2.920919718364806e-28,2.9209202257497957e-28,2.9209199421562483e-28,2.5369249478590383e-35,8.685362824378742e-08,/home/ansh/Projects/SENSEI/DarkMatterRates/modulation_study/srdm_solar_reflection_rates/Si_qcdark2_rpa_composite_vector_FDM2_ne1/Verne_JUNO_2024-08-08_cadence10min/daily_rates/mX_0_016_MeV_sigmaE_3_16em40_cm2.csv
Si,0.016,1e-39,2,1,JUNO,2024-08-08,10,Verne,rpa,composite,vector,qcdark2,2.8460661381052888e-27,2.8460677024077134e-27,2.846066828121947e-27,7.821512122899496e-34,2.748182876668686e-07,/home/ansh/Projects/SENSEI/DarkMatterRates/modulation_study/srdm_solar_reflection_rates/Si_qcdark2_rpa_composite_vector_FDM2_ne1/Verne_JUNO_2024-08-08_cadence10min/daily_rates/mX_0_016_MeV_sigmaE_1em39_cm2.csv
Si,0.016,3.16e-39,2,1,JUNO,2024-08-08,10,Verne,rpa,composite,vector,qcdark2,2.5710944967669343e-26,2.5710989650416938e-26,2.5710964677116163e-26,2.2341373797716316e-32,8.689434285443624e-07,/home/ansh/Projects/SENSEI/DarkMatterRates/modulation_study/srdm_solar_reflection_rates/Si_qcdark2_rpa_composite_vector_FDM2_ne1/Verne_JUNO_2024-08-08_cadence10min/daily_rates/mX_0_016_MeV_sigmaE_3_16em39_cm2.csv
Si,0.016,1e-38,2,1,JUNO,2024-08-08,10,Verne,rpa,composite,vector,qcdark2,2.083195071477804e-25,2.083206525868629e-25,2.083200124298664e-25,5.727195412491212e-31,2.749229584660929e-06,/home/ansh/Projects/SENSEI/DarkMatterRates/modulation_study/srdm_solar_reflection_rates/Si_qcdark2_rpa_composite_vector_FDM2_ne1/Verne_JUNO_2024-08-08_cadence10min/daily_rates/mX_0_016_MeV_sigmaE_1em38_cm2.csv
Si,0.016,3.16e-38,2,1,JUNO,2024-08-08,10,Verne,rpa,composite,vector,qcdark2,1.1443751911281453e-24,1.1443951262132863e-24,1.144383987316178e-24,9.967542570518499e-30,8.709963334854493e-06,/home/ansh/Projects/SENSEI/DarkMatterRates/modulation_study/srdm_solar_reflection_rates/Si_qcdark2_rpa_composite_vector_FDM2_ne1/Verne_JUNO_2024-08-08_cadence10min/daily_rates/mX_0_016_MeV_sigmaE_3_16em38_cm2.csv
Si,0.016,1e-37,2,1,JUNO,2024-08-08,10,Verne,rpa,composite,vector,qcdark2,4.007108892673072e-24,4.007330912699126e-24,4.007206934810939e-24,1.110100130269948e-28,2.7702590565673465e-05,/home/ansh/Projects/SENSEI/DarkMatterRates/modulation_study/srdm_solar_reflection_rates/Si_qcdark2_rpa_composite_vector_FDM2_ne1/Verne_JUNO_2024-08-08_cadence10min/daily_rates/mX_0_016_MeV_sigmaE_1em37_cm2.csv
Si,0.016,3.16e-37,2,1,JUNO,2024-08-08,10,Verne,rpa,composite,vector,qcdark2,1.1768047559336302e-23,1.1770110875264502e-23,1.1768958808448195e-23,1.0316579640998984e-27,8.765923824623604e-05,/home/ansh/Projects/SENSEI/DarkMatterRates/modulation_study/srdm_solar_reflection_rates/Si_qcdark2_rpa_composite_vector_FDM2_ne1/Verne_JUNO_2024-08-08_cadence10min/daily_rates/mX_0_016_MeV_sigmaE_3_16em37_cm2.csv
Si,0.016,1e-36,2,1,JUNO,2024-08-08,10,Verne,rpa,composite,vector,qcdark2,3.240591328552309e-23,3.242384076782314e-23,3.2413828843780604e-23,8.963741150024642e-27,0.0002765406454518426,/home/ansh/Projects/SENSEI/DarkMatterRates/modulation_study/srdm_solar_reflection_rates/Si_qcdark2_rpa_composite_vector_FDM2_ne1/Verne_JUNO_2024-08-08_cadence10min/daily_rates/mX_0_016_MeV_sigmaE_1em36_cm2.csv
Si,0.016,3.16e-36,2,1,JUNO,2024-08-08,10,Verne,rpa,composite,vector,qcdark2,8.522771176946639e-23,8.537646701778708e-23,8.529338233777837e-23,7.437762416034449e-26,0.0008720210422163191,/home/ansh/Projects/SENSEI/DarkMatterRates/modulation_study/srdm_solar_reflection_rates/Si_qcdark2_rpa_composite_vector_FDM2_ne1/Verne_JUNO_2024-08-08_cadence10min/daily_rates/mX_0_016_MeV_sigmaE_3_16em36_cm2.csv
Si,0.016,1e-35,2,1,JUNO,2024-08-08,10,Verne,rpa,composite,vector,qcdark2,2.193168533883855e-22,2.2052693868599074e-22,2.1985131812841866e-22,6.050426488026269e-25,0.0027520537695808213,/home/ansh/Projects/SENSEI/DarkMatterRates/modulation_study/srdm_solar_reflection_rates/Si_qcdark2_rpa_composite_vector_FDM2_ne1/Verne_JUNO_2024-08-08_cadence10min/daily_rates/mX_0_016_MeV_sigmaE_1em35_cm2.csv
Si,0.016,3.16e-35,2,1,JUNO,2024-08-08,10,Verne,rpa,composite,vector,qcdark2,4.983085901812292e-22,5.070006590412481e-22,5.02153741081426e-22,4.346034430009487e-24,0.008654788512876502,/home/ansh/Projects/SENSEI/DarkMatterRates/modulation_study/srdm_solar_reflection_rates/Si_qcdark2_rpa_composite_vector_FDM2_ne1/Verne_JUNO_2024-08-08_cadence10min/daily_rates/mX_0_016_MeV_sigmaE_3_16em35_cm2.csv
Si,0.016,1e-34,2,1,JUNO,2024-08-08,10,Verne,rpa,composite,vector,qcdark2,1.0262610653094561e-21,1.0826238238415748e-21,1.0513037069331528e-21,2.818137926605933e-23,0.026806125651615574,/home/ansh/Projects/SENSEI/DarkMatterRates/modulation_study/srdm_solar_reflection_rates/Si_qcdark2_rpa_composite_vector_FDM2_ne1/Verne_JUNO_2024-08-08_cadence10min/daily_rates/mX_0_016_MeV_sigmaE_1em34_cm2.csv
Si,0.016,3.16e-34,2,1,JUNO,2024-08-08,10,Verne,rpa,composite,vector,qcdark2,1.7193430031726957e-21,2.013395360735835e-21,1.8516041043180584e-21,1.4702617878156961e-22,0.07940475960206354,/home/ansh/Projects/SENSEI/DarkMatterRates/modulation_study/srdm_solar_reflection_rates/Si_qcdark2_rpa_composite_vector_FDM2_ne1/Verne_JUNO_2024-08-08_cadence10min/daily_rates/mX_0_016_MeV_sigmaE_3_16em34_cm2.csv
Si,0.016,1e-33,2,1,JUNO,2024-08-08,10,Verne,rpa,composite,vector,qcdark2,2.7233291345663185e-21,4.13823829913548e-21,3.3779637923191586e-21,7.074545822845807e-22,0.2094322573537338,/home/ansh/Projects/SENSEI/DarkMatterRates/modulation_study/srdm_solar_reflection_rates/Si_qcdark2_rpa_composite_vector_FDM2_ne1/Verne_JUNO_2024-08-08_cadence10min/daily_rates/mX_0_016_MeV_sigmaE_1em33_cm2.csv
Si,0.02,1e-42,2,1,JUNO,2024-08-08,10,Verne,rpa,composite,vector,qcdark2,1.1885764330644358e-33,1.1885764337230606e-33,1.1885764333546327e-33,3.2931240903634346e-43,2.7706456210552116e-10,/home/ansh/Projects/SENSEI/DarkMatterRates/modulation_study/srdm_solar_reflection_rates/Si_qcdark2_rpa_composite_vector_FDM2_ne1/Verne_JUNO_2024-08-08_cadence10min/daily_rates/mX_0_02_MeV_sigmaE_1em42_cm2.csv
Si,0.02,3.16e-42,2,1,JUNO,2024-08-08,10,Verne,rpa,composite,vector,qcdark2,1.1936905097463322e-32,1.1936905118369681e-32,1.1936905106674181e-32,1.045317953108869e-41,8.757026580737491e-10,/home/ansh/Projects/SENSEI/DarkMatterRates/modulation_study/srdm_solar_reflection_rates/Si_qcdark2_rpa_composite_vector_FDM2_ne1/Verne_JUNO_2024-08-08_cadence10min/daily_rates/mX_0_02_MeV_sigmaE_3_16em42_cm2.csv
Si,0.02,1e-41,2,1,JUNO,2024-08-08,10,Verne,rpa,composite,vector,qcdark2,1.2170909546756816e-31,1.2170909614210203e-31,1.217090957647791e-31,3.372669338230768e-40,2.771090621483995e-09,/home/ansh/Projects/SENSEI/DarkMatterRates/modulation_study/srdm_solar_reflection_rates/Si_qcdark2_rpa_composite_vector_FDM2_ne1/Verne_JUNO_2024-08-08_cadence10min/daily_rates/mX_0_02_MeV_sigmaE_1em41_cm2.csv
Si,0.02,3.16e-41,2,1,JUNO,2024-08-08,10,Verne,rpa,composite,vector,qcdark2,1.2251886109789556e-30,1.2251886324599874e-30,1.2251886204444004e-30,1.074051587425347e-38,8.766418243713094e-09,/home/ansh/Projects/SENSEI/DarkMatterRates/modulation_study/srdm_solar_reflection_rates/Si_qcdark2_rpa_composite_vector_FDM2_ne1/Verne_JUNO_2024-08-08_cadence10min/daily_rates/mX_0_02_MeV_sigmaE_3_16em41_cm2.csv
Si,0.02,1e-40,2,1,JUNO,2024-08-08,10,Verne,rpa,composite,vector,qcdark2,1.1948351008284029e-29,1.1948351670389366e-29,1.1948351300014142e-29,3.310526683032745e-37,2.7706974794328542e-08,/home/ansh/Projects/SENSEI/DarkMatterRates/modulation_study/srdm_solar_reflection_rates/Si_qcdark2_rpa_composite_vector_FDM2_ne1/Verne_JUNO_2024-08-08_cadence10min/daily_rates/mX_0_02_MeV_sigmaE_1em40_cm2.csv
Si,0.02,3.16e-40,2,1,JUNO,2024-08-08,10,Verne,rpa,composite,vector,qcdark2,1.2164988170401431e-28,1.216499030305218e-28,1.2164989110123547e-28,1.0663253744797207e-35,8.765526749155397e-08,/home/ansh/Projects/SENSEI/DarkMatterRates/modulation_study/srdm_solar_reflection_rates/Si_qcdark2_rpa_composite_vector_FDM2_ne1/Verne_JUNO_2024-08-08_cadence10min/daily_rates/mX_0_02_MeV_sigmaE_3_16em40_cm2.csv
Si,0.02,1e-39,2,1,JUNO,2024-08-08,10,Verne,rpa,composite,vector,qcdark2,1.211419852917009e-27,1.2114205250169076e-27,1.2114201490990393e-27,3.3604994924087936e-34,2.774016508564822e-07,/home/ansh/Projects/SENSEI/DarkMatterRates/modulation_study/srdm_solar_reflection_rates/Si_qcdark2_rpa_composite_vector_FDM2_ne1/Verne_JUNO_2024-08-08_cadence10min/daily_rates/mX_0_02_MeV_sigmaE_1em39_cm2.csv
Si,0.02,3.16e-39,2,1,JUNO,2024-08-08,10,Verne,rpa,composite,vector,qcdark2,1.1148054130517693e-26,1.1148073673162755e-26,1.1148062741654956e-26,9.771322530977922e-33,8.765040848278672e-07,/home/ansh/Projects/SENSEI/DarkMatterRates/modulation_study/srdm_solar_reflection_rates/Si_qcdark2_rpa_composite_vector_FDM2_ne1/Verne_JUNO_2024-08-08_cadence10min/daily_rates/mX_0_02_MeV_sigmaE_3_16em39_cm2.csv
Si,0.02,1e-38,2,1,JUNO,2024-08-08,10,Verne,rpa,composite,vector,qcdark2,9.811562142694416e-26,9.811616538812086e-26,9.811586111771269e-26,2.7198058834731864e-31,2.7720348702949766e-06,/home/ansh/Projects/SENSEI/DarkMatterRates/modulation_study/srdm_solar_reflection_rates/Si_qcdark2_rpa_composite_vector_FDM2_ne1/Verne_JUNO_2024-08-08_cadence10min/daily_rates/mX_0_02_MeV_sigmaE_1em38_cm2.csv
Si,0.02,3.16e-38,2,1,JUNO,2024-08-08,10,Verne,rpa,composite,vector,qcdark2,6.261574451295709e-25,6.261684363316595e-25,6.261622891252756e-25,5.495601044323627e-30,8.77664008160052e-06,/home/ansh/Projects/SENSEI/DarkMatterRates/modulation_study/srdm_solar_reflection_rates/Si_qcdark2_rpa_composite_vector_FDM2_ne1/Verne_JUNO_2024-08-08_cadence10min/daily_rates/mX_0_02_MeV_sigmaE_3_16em38_cm2.csv
Si,0.02,1e-37,2,1,JUNO,2024-08-08,10,Verne,rpa,composite,vector,qcdark2,2.4724053082213926e-24,2.4725433276658395e-24,2.472466181646625e-24,6.900972222344396e-29,2.7911290652106933e-05,/home/ansh/Projects/SENSEI/DarkMatterRates/modulation_study/srdm_solar_reflection_rates/Si_qcdark2_rpa_composite_vector_FDM2_ne1/Verne_JUNO_2024-08-08_cadence10min/daily_rates/mX_0_02_MeV_sigmaE_1em37_cm2.csv
Si,0.02,3.16e-37,2,1,JUNO,2024-08-08,10,Verne,rpa,composite,vector,qcdark2,7.777281354301717e-24,7.778658772154505e-24,7.777889145723234e-24,6.887089263942095e-28,8.854702265497117e-05,/home/ansh/Projects/SENSEI/DarkMatterRates/modulation_study/srdm_solar_reflection_rates/Si_qcdark2_rpa_composite_vector_FDM2_ne1/Verne_JUNO_2024-08-08_cadence10min/daily_rates/mX_0_02_MeV_sigmaE_3_16em37_cm2.csv
Si,0.02,1e-36,2,1,JUNO,2024-08-08,10,Verne,rpa,composite,vector,qcdark2,2.226164866966384e-23,2.2274094066442365e-23,2.2267139168664852e-23,6.222698389262927e-27,0.0002794565724015297,/home/ansh/Projects/SENSEI/DarkMatterRates/modulation_study/srdm_solar_reflection_rates/Si_qcdark2_rpa_composite_vector_FDM2_ne1/Verne_JUNO_2024-08-08_cadence10min/daily_rates/mX_0_02_MeV_sigmaE_1em36_cm2.csv
Si,0.02,3.16e-36,2,1,JUNO,2024-08-08,10,Verne,rpa,composite,vector,qcdark2,5.8664620172987e-23,5.876805552571785e-23,5.871024422965593e-23,5.17176763654253e-26,0.0008808969719683347,/home/ansh/Projects/SENSEI/DarkMatterRates/modulation_study/srdm_solar_reflection_rates/Si_qcdark2_rpa_composite_vector_FDM2_ne1/Verne_JUNO_2024-08-08_cadence10min/daily_rates/mX_0_02_MeV_sigmaE_3_16em36_cm2.csv
Si,0.02,1e-35,2,1,JUNO,2024-08-08,10,Verne,rpa,composite,vector,qcdark2,1.548147885840011e-22,1.5567726407961932e-22,1.5519536885068194e-22,4.312377478091138e-25,0.0027786766512602605,/home/ansh/Projects/SENSEI/DarkMatterRates/modulation_study/srdm_solar_reflection_rates/Si_qcdark2_rpa_composite_vector_FDM2_ne1/Verne_JUNO_2024-08-08_cadence10min/daily_rates/mX_0_02_MeV_sigmaE_1em35_cm2.csv
Si,0.02,3.16e-35,2,1,JUNO,2024-08-08,10,Verne,rpa,composite,vector,qcdark2,3.738569985990588e-22,3.804353197826167e-22,3.7676412272495297e-22,3.2891605917789507e-24,0.008730026012004647,/home/ansh/Projects/SENSEI/DarkMatterRates/modulation_study/srdm_solar_reflection_rates/Si_qcdark2_rpa_composite_vector_FDM2_ne1/Verne_JUNO_2024-08-08_cadence10min/daily_rates/mX_0_02_MeV_sigmaE_3_16em35_cm2.csv
Si,0.02,1e-34,2,1,JUNO,2024-08-08,10,Verne,rpa,composite,vector,qcdark2,8.12496675547559e-22,8.575484434214475e-22,8.324972012036413e-22,2.252588393694427e-23,0.027058209810646678,/home/ansh/Projects/SENSEI/DarkMatterRates/modulation_study/srdm_solar_reflection_rates/Si_qcdark2_rpa_composite_vector_FDM2_ne1/Verne_JUNO_2024-08-08_cadence10min/daily_rates/mX_0_02_MeV_sigmaE_1em34_cm2.csv
Si,0.02,3.16e-34,2,1,JUNO,2024-08-08,10,Verne,rpa,composite,vector,qcdark2,1.4520439566167542e-21,1.702694680066993e-21,1.564705729485537e-21,1.2532536172511935e-22,0.08009516381481223,/home/ansh/Projects/SENSEI/DarkMatterRates/modulation_study/srdm_solar_reflection_rates/Si_qcdark2_rpa_composite_vector_FDM2_ne1/Verne_JUNO_2024-08-08_cadence10min/daily_rates/mX_0_02_MeV_sigmaE_3_16em34_cm2.csv
Si,0.02,1e-33,2,1,JUNO,2024-08-08,10,Verne,rpa,composite,vector,qcdark2,2.3866700307869395e-21,3.6414254632455656e-21,2.967194711536437e-21,6.273777162293131e-22,0.21143800027348117,/home/ansh/Projects/SENSEI/DarkMatterRates/modulation_study/srdm_solar_reflection_rates/Si_qcdark2_rpa_composite_vector_FDM2_ne1/Verne_JUNO_2024-08-08_cadence10min/daily_rates/mX_0_02_MeV_sigmaE_1em33_cm2.csv
Si,0.026,3.16e-42,2,1,JUNO,2024-08-08,10,Verne,rpa,composite,vector,qcdark2,4.88819001859937e-33,4.8881900272766336e-33,4.888190022418782e-33,4.3386318140431437e-42,8.875742952186411e-10,/home/ansh/Projects/SENSEI/DarkMatterRates/modulation_study/srdm_solar_reflection_rates/Si_qcdark2_rpa_composite_vector_FDM2_ne1/Verne_JUNO_2024-08-08_cadence10min/daily_rates/mX_0_026_MeV_sigmaE_3_16em42_cm2.csv
Si,0.026,1e-41,2,1,JUNO,2024-08-08,10,Verne,rpa,composite,vector,qcdark2,4.937012923382017e-32,4.93701295110346e-32,4.937012935584243e-32,1.3860721522690602e-40,2.8075116884518213e-09,/home/ansh/Projects/SENSEI/DarkMatterRates/modulation_study/srdm_solar_reflection_rates/Si_qcdark2_rpa_composite_vector_FDM2_ne1/Verne_JUNO_2024-08-08_cadence10min/daily_rates/mX_0_026_MeV_sigmaE_1em41_cm2.csv
Si,0.026,3.16e-41,2,1,JUNO,2024-08-08,10,Verne,rpa,composite,vector,qcdark2,5.055715916316326e-31,5.055716006137023e-31,5.055715955856545e-31,4.4910348482311713e-39,8.883083795537908e-09,/home/ansh/Projects/SENSEI/DarkMatterRates/modulation_study/srdm_solar_reflection_rates/Si_qcdark2_rpa_composite_vector_FDM2_ne1/Verne_JUNO_2024-08-08_cadence10min/daily_rates/mX_0_026_MeV_sigmaE_3_16em41_cm2.csv
Si,0.026,1e-40,2,1,JUNO,2024-08-08,10,Verne,rpa,composite,vector,qcdark2,4.9663324989493705e-30,4.966332777665579e-30,4.966332621626039e-30,1.3935810407435486e-37,2.8060565953137326e-08,/home/ansh/Projects/SENSEI/DarkMatterRates/modulation_study/srdm_solar_reflection_rates/Si_qcdark2_rpa_composite_vector_FDM2_ne1/Verne_JUNO_2024-08-08_cadence10min/daily_rates/mX_0_026_MeV_sigmaE_1em40_cm2.csv
Si,0.026,3.16e-40,2,1,JUNO,2024-08-08,10,Verne,rpa,composite,vector,qcdark2,5.015498566971203e-29,5.0154994570633736e-29,5.015498958743195e-29,4.450460853054337e-36,8.873415964519614e-08,/home/ansh/Projects/SENSEI/DarkMatterRates/modulation_study/srdm_solar_reflection_rates/Si_qcdark2_rpa_composite_vector_FDM2_ne1/Verne_JUNO_2024-08-08_cadence10min/daily_rates/mX_0_026_MeV_sigmaE_3_16em40_cm2.csv
Si,0.026,1e-39,2,1,JUNO,2024-08-08,10,Verne,rpa,composite,vector,qcdark2,5.020352518723756e-28,5.02035533737362e-28,5.020353759417646e-28,1.4093249319789919e-34,2.8072223582556293e-07,/home/ansh/Projects/SENSEI/DarkMatterRates/modulation_study/srdm_solar_reflection_rates/Si_qcdark2_rpa_composite_vector_FDM2_ne1/Verne_JUNO_2024-08-08_cadence10min/daily_rates/mX_0_026_MeV_sigmaE_1em39_cm2.csv
Si,0.026,3.16e-39,2,1,JUNO,2024-08-08,10,Verne,rpa,composite,vector,qcdark2,4.789589379208513e-27,4.789597878653393e-27,4.78959312026867e-27,4.249722439869159e-33,8.872825589057079e-07,/home/ansh/Projects/SENSEI/DarkMatterRates/modulation_study/srdm_solar_reflection_rates/Si_qcdark2_rpa_composite_vector_FDM2_ne1/Verne_JUNO_2024-08-08_cadence10min/daily_rates/mX_0_026_MeV_sigmaE_3_16em39_cm2.csv
Si,0.026,1e-38,2,1,JUNO,2024-08-08,10,Verne,rpa,composite,vector,qcdark2,4.335470561380594e-26,4.3354948996432805e-26,4.33548127421535e-26,1.2169131343372375e-31,2.8068697737772575e-06,/home/ansh/Projects/SENSEI/DarkMatterRates/modulation_study/srdm_solar_reflection_rates/Si_qcdark2_rpa_composite_vector_FDM2_ne1/Verne_JUNO_2024-08-08_cadence10min/daily_rates/mX_0_026_MeV_sigmaE_1em38_cm2.csv
Si,0.026,3.16e-38,2,1,JUNO,2024-08-08,10,Verne,rpa,composite,vector,qcdark2,3.1730676095776423e-25,3.1731240082916226e-25,3.1730924385278775e-25,2.8199356990176072e-30,8.887026626699494e-06,/home/ansh/Projects/SENSEI/DarkMatterRates/modulation_study/srdm_solar_reflection_rates/Si_qcdark2_rpa_composite_vector_FDM2_ne1/Verne_JUNO_2024-08-08_cadence10min/daily_rates/mX_0_026_MeV_sigmaE_3_16em38_cm2.csv
Si,0.026,1e-37,2,1,JUNO,2024-08-08,10,Verne,rpa,composite,vector,qcdark2,1.4926002905833305e-24,1.492684518390813e-24,1.4926373903975574e-24,4.2113903741222477e-29,2.8214423685316917e-05,/home/ansh/Projects/SENSEI/DarkMatterRates/modulation_study/srdm_solar_reflection_rates/Si_qcdark2_rpa_composite_vector_FDM2_ne1/Verne_JUNO_2024-08-08_cadence10min/daily_rates/mX_0_026_MeV_sigmaE_1em37_cm2.csv
Si,0.026,3.16e-37,2,1,JUNO,2024-08-08,10,Verne,rpa,composite,vector,qcdark2,4.863705810089606e-24,4.864578824943982e-24,4.864090649571526e-24,4.36507427188068e-28,8.974080843384768e-05,/home/ansh/Projects/SENSEI/DarkMatterRates/modulation_study/srdm_solar_reflection_rates/Si_qcdark2_rpa_composite_vector_FDM2_ne1/Verne_JUNO_2024-08-08_cadence10min/daily_rates/mX_0_026_MeV_sigmaE_3_16em37_cm2.csv
Si,0.026,1e-36,2,1,JUNO,2024-08-08,10,Verne,rpa,composite,vector,qcdark2,1.440417860910262e-23,1.4412349866189803e-23,1.440778053283546e-23,4.085628543591317e-27,0.0002835709868206372,/home/ansh/Projects/SENSEI/DarkMatterRates/modulation_study/srdm_solar_reflection_rates/Si_qcdark2_rpa_composite_vector_FDM2_ne1/Verne_JUNO_2024-08-08_cadence10min/daily_rates/mX_0_026_MeV_sigmaE_1em36_cm2.csv
Si,0.026,3.16e-36,2,1,JUNO,2024-08-08,10,Verne,rpa,composite,vector,qcdark2,4.0569255543655283e-23,4.064186169123714e-23,4.0601256208151966e-23,3.630307379092957e-26,0.0008941367135246568,/home/ansh/Projects/SENSEI/DarkMatterRates/modulation_study/srdm_solar_reflection_rates/Si_qcdark2_rpa_composite_vector_FDM2_ne1/Verne_JUNO_2024-08-08_cadence10min/daily_rates/mX_0_026_MeV_sigmaE_3_16em36_cm2.csv
Si,0.026,1e-35,2,1,JUNO,2024-08-08,10,Verne,rpa,composite,vector,qcdark2,1.0927648188245043e-22,1.098933788360764e-22,1.095484364675476e-22,3.084484768129828e-25,0.0028156355924290797,/home/ansh/Projects/SENSEI/DarkMatterRates/modulation_study/srdm_solar_reflection_rates/Si_qcdark2_rpa_composite_vector_FDM2_ne1/Verne_JUNO_2024-08-08_cadence10min/daily_rates/mX_0_026_MeV_sigmaE_1em35_cm2.csv
Si,0.026,3.16e-35,2,1,JUNO,2024-08-08,10,Verne,rpa,composite,vector,qcdark2,2.7391322832218635e-22,2.787977469758506e-22,2.7606978461400306e-22,2.442259326832133e-24,0.008846528895753174,/home/ansh/Projects/SENSEI/DarkMatterRates/modulation_study/srdm_solar_reflection_rates/Si_qcdark2_rpa_composite_vector_FDM2_ne1/Verne_JUNO_2024-08-08_cadence10min/daily_rates/mX_0_026_MeV_sigmaE_3_16em35_cm2.csv
Si,0.026,1e-34,2,1,JUNO,2024-08-08,10,Verne,rpa,composite,vector,qcdark2,6.281585053700368e-22,6.634741252837812e-22,6.4382415575953155e-22,1.765780995687217e-23,0.027426448353806972,/home/ansh/Projects/SENSEI/DarkMatterRates/modulation_study/srdm_solar_reflection_rates/Si_qcdark2_rpa_composite_vector_FDM2_ne1/Verne_JUNO_2024-08-08_cadence10min/daily_rates/mX_0_026_MeV_sigmaE_1em34_cm2.csv
Si,0.026,3.16e-34,2,1,JUNO,2024-08-08,10,Verne,rpa,composite,vector,qcdark2,1.2543802645827558e-21,1.4737528307234373e-21,1.352920568555956e-21,1.0968628307034076e-22,0.08107370500502832,/home/ansh/Projects/SENSEI/DarkMatterRates/modulation_study/srdm_solar_reflection_rates/Si_qcdark2_rpa_composite_vector_FDM2_ne1/Verne_JUNO_2024-08-08_cadence10min/daily_rates/mX_0_026_MeV_sigmaE_3_16em34_cm2.csv
Si,0.026,1e-33,2,1,JUNO,2024-08-08,10,Verne,rpa,composite,vector,qcdark2,2.2928765645778095e-21,3.5129734269455274e-21,2.857163771396406e-21,6.100484311838589e-22,0.21351538798411432,/home/ansh/Projects/SENSEI/DarkMatterRates/modulation_study/srdm_solar_reflection_rates/Si_qcdark2_rpa_composite_vector_FDM2_ne1/Verne_JUNO_2024-08-08_cadence10min/daily_rates/mX_0_026_MeV_sigmaE_1em33_cm2.csv
Si,0.033,3.16e-42,2,1,JUNO,2024-08-08,10,Verne,rpa,composite,vector,qcdark2,2.09016927283955e-33,2.0901692766109997e-33,2.0901692744975358e-33,1.8857248802219495e-42,9.021876377334398e-10,/home/ansh/Projects/SENSEI/DarkMatterRates/modulation_study/srdm_solar_reflection_rates/Si_qcdark2_rpa_composite_vector_FDM2_ne1/Verne_JUNO_2024-08-08_cadence10min/daily_rates/mX_0_033_MeV_sigmaE_3_16em42_cm2.csv
Si,0.033,1e-41,2,1,JUNO,2024-08-08,10,Verne,rpa,composite,vector,qcdark2,2.1562051116717578e-32,2.1562051239573887e-32,2.156205117071706e-32,6.142815424001694e-41,2.848901236420454e-09,/home/ansh/Projects/SENSEI/DarkMatterRates/modulation_study/srdm_solar_reflection_rates/Si_qcdark2_rpa_composite_vector_FDM2_ne1/Verne_JUNO_2024-08-08_cadence10min/daily_rates/mX_0_033_MeV_sigmaE_1em41_cm2.csv
Si,0.033,3.16e-41,2,1,JUNO,2024-08-08,10,Verne,rpa,composite,vector,qcdark2,2.166318958718903e-31,2.1663189977506928e-31,2.1663189758747527e-31,1.9515894879248865e-39,9.008781761406308e-09,/home/ansh/Projects/SENSEI/DarkMatterRates/modulation_study/srdm_solar_reflection_rates/Si_qcdark2_rpa_composite_vector_FDM2_ne1/Verne_JUNO_2024-08-08_cadence10min/daily_rates/mX_0_033_MeV_sigmaE_3_16em41_cm2.csv
Si,0.033,1e-40,2,1,JUNO,2024-08-08,10,Verne,rpa,composite,vector,qcdark2,2.22762563876849e-30,2.2276257657361415e-30,2.2276256945778506e-30,6.348382569686647e-38,2.8498425858253114e-08,/home/ansh/Projects/SENSEI/DarkMatterRates/modulation_study/srdm_solar_reflection_rates/Si_qcdark2_rpa_composite_vector_FDM2_ne1/Verne_JUNO_2024-08-08_cadence10min/daily_rates/mX_0_033_MeV_sigmaE_1em40_cm2.csv
Si,0.033,3.16e-40,2,1,JUNO,2024-08-08,10,Verne,rpa,composite,vector,qcdark2,2.2000192091969143e-29,2.2000196056997454e-29,2.2000193834794566e-29,1.9825141553638782e-36,9.011348582885749e-08,/home/ansh/Projects/SENSEI/DarkMatterRates/modulation_study/srdm_solar_reflection_rates/Si_qcdark2_rpa_composite_vector_FDM2_ne1/Verne_JUNO_2024-08-08_cadence10min/daily_rates/mX_0_033_MeV_sigmaE_3_16em40_cm2.csv
Si,0.033,1e-39,2,1,JUNO,2024-08-08,10,Verne,rpa,composite,vector,qcdark2,2.1929281388147934e-28,2.19292938904223e-28,2.192928688374308e-28,6.251137182141576e-35,2.850588446072888e-07,/home/ansh/Projects/SENSEI/DarkMatterRates/modulation_study/srdm_solar_reflection_rates/Si_qcdark2_rpa_composite_vector_FDM2_ne1/Verne_JUNO_2024-08-08_cadence10min/daily_rates/mX_0_033_MeV_sigmaE_1em39_cm2.csv
Si,0.033,3.16e-39,2,1,JUNO,2024-08-08,10,Verne,rpa,composite,vector,qcdark2,2.1492406517573928e-27,2.1492445231221286e-27,2.1492423533023852e-27,1.9356823679077884e-33,9.006347585387685e-07,/home/ansh/Projects/SENSEI/DarkMatterRates/modulation_study/srdm_solar_reflection_rates/Si_qcdark2_rpa_composite_vector_FDM2_ne1/Verne_JUNO_2024-08-08_cadence10min/daily_rates/mX_0_033_MeV_sigmaE_3_16em39_cm2.csv
Si,0.033,1e-38,2,1,JUNO,2024-08-08,10,Verne,rpa,composite,vector,qcdark2,1.9658069906814463e-26,1.965818196561541e-26,1.965811916377484e-26,5.602940047341236e-32,2.850191313147648e-06,/home/ansh/Projects/SENSEI/DarkMatterRates/modulation_study/srdm_solar_reflection_rates/Si_qcdark2_rpa_composite_vector_FDM2_ne1/Verne_JUNO_2024-08-08_cadence10min/daily_rates/mX_0_033_MeV_sigmaE_1em38_cm2.csv
Si,0.033,3.16e-38,2,1,JUNO,2024-08-08,10,Verne,rpa,composite,vector,qcdark2,1.568759206040837e-25,1.5687874676426773e-25,1.5687716277500828e-25,1.4130800920139811e-30,9.007557677726534e-06,/home/ansh/Projects/SENSEI/DarkMatterRates/modulation_study/srdm_solar_reflection_rates/Si_qcdark2_rpa_composite_vector_FDM2_ne1/Verne_JUNO_2024-08-08_cadence10min/daily_rates/mX_0_033_MeV_sigmaE_3_16em38_cm2.csv
Si,0.033,1e-37,2,1,JUNO,2024-08-08,10,Verne,rpa,composite,vector,qcdark2,8.707658593265019e-25,8.708156704482546e-25,8.707877643614893e-25,2.490556087635617e-29,2.8601183773658478e-05,/home/ansh/Projects/SENSEI/DarkMatterRates/modulation_study/srdm_solar_reflection_rates/Si_qcdark2_rpa_composite_vector_FDM2_ne1/Verne_JUNO_2024-08-08_cadence10min/daily_rates/mX_0_033_MeV_sigmaE_1em37_cm2.csv
Si,0.033,3.16e-37,2,1,JUNO,2024-08-08,10,Verne,rpa,composite,vector,qcdark2,3.071099473846548e-24,3.0716593443354747e-24,3.0713459275121882e-24,2.7993524446329777e-28,9.114415994490314e-05,/home/ansh/Projects/SENSEI/DarkMatterRates/modulation_study/srdm_solar_reflection_rates/Si_qcdark2_rpa_composite_vector_FDM2_ne1/Verne_JUNO_2024-08-08_cadence10min/daily_rates/mX_0_033_MeV_sigmaE_3_16em37_cm2.csv
Si,0.033,1e-36,2,1,JUNO,2024-08-08,10,Verne,rpa,composite,vector,qcdark2,9.603059749611295e-24,9.608601713983043e-24,9.605499767760939e-24,2.770982185874116e-27,0.000288478710412799,/home/ansh/Projects/SENSEI/DarkMatterRates/modulation_study/srdm_solar_reflection_rates/Si_qcdark2_rpa_composite_vector_FDM2_ne1/Verne_JUNO_2024-08-08_cadence10min/daily_rates/mX_0_033_MeV_sigmaE_1em36_cm2.csv
Si,0.033,3.16e-36,2,1,JUNO,2024-08-08,10,Verne,rpa,composite,vector,qcdark2,2.707111508514907e-23,2.712037553566904e-23,2.709279931604649e-23,2.4630225259986226e-26,0.0009091059573677301,/home/ansh/Projects/SENSEI/DarkMatterRates/modulation_study/srdm_solar_reflection_rates/Si_qcdark2_rpa_composite_vector_FDM2_ne1/Verne_JUNO_2024-08-08_cadence10min/daily_rates/mX_0_033_MeV_sigmaE_3_16em36_cm2.csv
Si,0.033,1e-35,2,1,JUNO,2024-08-08,10,Verne,rpa,composite,vector,qcdark2,7.472885315562194e-23,7.515799985530984e-23,7.491782106032077e-23,2.1457334984395033e-25,0.002864116265089779,/home/ansh/Projects/SENSEI/DarkMatterRates/modulation_study/srdm_solar_reflection_rates/Si_qcdark2_rpa_composite_vector_FDM2_ne1/Verne_JUNO_2024-08-08_cadence10min/daily_rates/mX_0_033_MeV_sigmaE_1em35_cm2.csv
Si,0.033,3.16e-35,2,1,JUNO,2024-08-08,10,Verne,rpa,composite,vector,qcdark2,1.9597425858276563e-22,1.9952377390244586e-22,1.9753931721567135e-22,1.7747576598401147e-24,0.00898432618303754,/home/ansh/Projects/SENSEI/DarkMatterRates/modulation_study/srdm_solar_reflection_rates/Si_qcdark2_rpa_composite_vector_FDM2_ne1/Verne_JUNO_2024-08-08_cadence10min/daily_rates/mX_0_033_MeV_sigmaE_3_16em35_cm2.csv
Si,0.033,1e-34,2,1,JUNO,2024-08-08,10,Verne,rpa,composite,vector,qcdark2,4.819699424098998e-22,5.094239556075145e-22,4.94129610752829e-22,1.372700659880739e-23,0.027780174067880026,/home/ansh/Projects/SENSEI/DarkMatterRates/modulation_study/srdm_solar_reflection_rates/Si_qcdark2_rpa_composite_vector_FDM2_ne1/Verne_JUNO_2024-08-08_cadence10min/daily_rates/mX_0_033_MeV_sigmaE_1em34_cm2.csv
Si,0.033,3.16e-34,2,1,JUNO,2024-08-08,10,Verne,rpa,composite,vector,qcdark2,1.0105087786758555e-21,1.189823206736037e-21,1.0909704505087536e-21,8.965721403009074e-23,0.08218115714158966,/home/ansh/Projects/SENSEI/DarkMatterRates/modulation_study/srdm_solar_reflection_rates/Si_qcdark2_rpa_composite_vector_FDM2_ne1/Verne_JUNO_2024-08-08_cadence10min/daily_rates/mX_0_033_MeV_sigmaE_3_16em34_cm2.csv
Si,0.033,1e-33,2,1,JUNO,2024-08-08,10,Verne,rpa,composite,vector,qcdark2,1.7700361670457633e-21,2.7249066925100844e-21,2.21138172959109e-21,4.774352627321605e-22,0.21589907176290354,/home/ansh/Projects/SENSEI/DarkMatterRates/modulation_study/srdm_solar_reflection_rates/Si_qcdark2_rpa_composite_vector_FDM2_ne1/Verne_JUNO_2024-08-08_cadence10min/daily_rates/mX_0_033_MeV_sigmaE_1em33_cm2.csv
Si,0.042,3.16e-42,2,1,JUNO,2024-08-08,10,Verne,rpa,composite,vector,qcdark2,9.262690926636546e-34,9.26269094368117e-34,9.262690934117454e-34,8.522311697677518e-43,9.200686666859538e-10,/home/ansh/Projects/SENSEI/DarkMatterRates/modulation_study/srdm_solar_reflection_rates/Si_qcdark2_rpa_composite_vector_FDM2_ne1/Verne_JUNO_2024-08-08_cadence10min/daily_rates/mX_0_042_MeV_sigmaE_3_16em42_cm2.csv
Si,0.042,1e-41,2,1,JUNO,2024-08-08,10,Verne,rpa,composite,vector,qcdark2,9.250021014394004e-33,9.250021068214052e-33,9.250021038015338e-33,2.691002390652498e-41,2.9091851570857326e-09,/home/ansh/Projects/SENSEI/DarkMatterRates/modulation_study/srdm_solar_reflection_rates/Si_qcdark2_rpa_composite_vector_FDM2_ne1/Verne_JUNO_2024-08-08_cadence10min/daily_rates/mX_0_042_MeV_sigmaE_1em41_cm2.csv
Si,0.042,3.16e-41,2,1,JUNO,2024-08-08,10,Verne,rpa,composite,vector,qcdark2,9.731187599383663e-32,9.731187778533784e-32,9.731187678019392e-32,8.957506051042442e-40,9.204946351281945e-09,/home/ansh/Projects/SENSEI/DarkMatterRates/modulation_study/srdm_solar_reflection_rates/Si_qcdark2_rpa_composite_vector_FDM2_ne1/Verne_JUNO_2024-08-08_cadence10min/daily_rates/mX_0_042_MeV_sigmaE_3_16em41_cm2.csv
Si,0.042,1e-40,2,1,JUNO,2024-08-08,10,Verne,rpa,composite,vector,qcdark2,1.0121064717988563e-30,1.012106530667201e-30,1.0121064976347977e-30,2.9434172386260657e-38,2.9082090130876233e-08,/home/ansh/Projects/SENSEI/DarkMatterRates/modulation_study/srdm_solar_reflection_rates/Si_qcdark2_rpa_composite_vector_FDM2_ne1/Verne_JUNO_2024-08-08_cadence10min/daily_rates/mX_0_042_MeV_sigmaE_1em40_cm2.csv
Si,0.042,3.16e-40,2,1,JUNO,2024-08-08,10,Verne,rpa,composite,vector,qcdark2,9.836758253430809e-30,9.836760063811986e-30,9.836759048041219e-30,9.051905885730252e-37,9.202122204602283e-08,/home/ansh/Projects/SENSEI/DarkMatterRates/modulation_study/srdm_solar_reflection_rates/Si_qcdark2_rpa_composite_vector_FDM2_ne1/Verne_JUNO_2024-08-08_cadence10min/daily_rates/mX_0_042_MeV_sigmaE_3_16em40_cm2.csv
Si,0.042,1e-39,2,1,JUNO,2024-08-08,10,Verne,rpa,composite,vector,qcdark2,9.893826271684614e-29,9.893832021665878e-29,9.893828794981126e-29,2.874990631668418e-35,2.9058423096292346e-07,/home/ansh/Projects/SENSEI/DarkMatterRates/modulation_study/srdm_solar_reflection_rates/Si_qcdark2_rpa_composite_vector_FDM2_ne1/Verne_JUNO_2024-08-08_cadence10min/daily_rates/mX_0_042_MeV_sigmaE_1em39_cm2.csv
Si,0.042,3.16e-39,2,1,JUNO,2024-08-08,10,Verne,rpa,composite,vector,qcdark2,9.805358012608517e-28,9.805376036184563e-28,9.805365922224089e-28,9.011788022816462e-34,9.190669776424189e-07,/home/ansh/Projects/SENSEI/DarkMatterRates/modulation_study/srdm_solar_reflection_rates/Si_qcdark2_rpa_composite_vector_FDM2_ne1/Verne_JUNO_2024-08-08_cadence10min/daily_rates/mX_0_042_MeV_sigmaE_3_16em39_cm2.csv
Si,0.042,1e-38,2,1,JUNO,2024-08-08,10,Verne,rpa,composite,vector,qcdark2,9.0478090276405e-27,9.047861624224673e-27,9.047832110121477e-27,2.6298292086429565e-32,2.9065848886619627e-06,/home/ansh/Projects/SENSEI/DarkMatterRates/modulation_study/srdm_solar_reflection_rates/Si_qcdark2_rpa_composite_vector_FDM2_ne1/Verne_JUNO_2024-08-08_cadence10min/daily_rates/mX_0_042_MeV_sigmaE_1em38_cm2.csv
Si,0.042,3.16e-38,2,1,JUNO,2024-08-08,10,Verne,rpa,composite,vector,qcdark2,7.583283501226177e-26,7.583423133884693e-26,7.583344792607669e-26,6.981632925766922e-31,9.2065350009836e-06,/home/ansh/Projects/SENSEI/DarkMatterRates/modulation_study/srdm_solar_reflection_rates/Si_qcdark2_rpa_composite_vector_FDM2_ne1/Verne_JUNO_2024-08-08_cadence10min/daily_rates/mX_0_042_MeV_sigmaE_3_16em38_cm2.csv
Si,0.042,1e-37,2,1,JUNO,2024-08-08,10,Verne,rpa,composite,vector,qcdark2,4.648189298405359e-25,4.648460234974996e-25,4.648308238934971e-25,1.3546828481856534e-29,2.9143567477703258e-05,/home/ansh/Projects/SENSEI/DarkMatterRates/modulation_study/srdm_solar_reflection_rates/Si_qcdark2_rpa_composite_vector_FDM2_ne1/Verne_JUNO_2024-08-08_cadence10min/daily_rates/mX_0_042_MeV_sigmaE_1em37_cm2.csv
Si,0.042,3.16e-37,2,1,JUNO,2024-08-08,10,Verne,rpa,composite,vector,qcdark2,1.9183943797489846e-24,1.918750363908865e-24,1.918550786122097e-24,1.7799207994025246e-28,9.277423419164313e-05,/home/ansh/Projects/SENSEI/DarkMatterRates/modulation_study/srdm_solar_reflection_rates/Si_qcdark2_rpa_composite_vector_FDM2_ne1/Verne_JUNO_2024-08-08_cadence10min/daily_rates/mX_0_042_MeV_sigmaE_3_16em37_cm2.csv
Si,0.042,1e-36,2,1,JUNO,2024-08-08,10,Verne,rpa,composite,vector,qcdark2,6.12295266366778e-24,6.126558606499208e-24,6.124537763812583e-24,1.8029714157141316e-27,0.0002943848965006242,/home/ansh/Projects/SENSEI/DarkMatterRates/modulation_study/srdm_solar_reflection_rates/Si_qcdark2_rpa_composite_vector_FDM2_ne1/Verne_JUNO_2024-08-08_cadence10min/daily_rates/mX_0_042_MeV_sigmaE_1em36_cm2.csv
Si,0.042,3.16e-36,2,1,JUNO,2024-08-08,10,Verne,rpa,composite,vector,qcdark2,1.844805632579713e-23,1.848237580089359e-23,1.8463143447923276e-23,1.71597375482291e-26,0.0009294049844020043,/home/ansh/Projects/SENSEI/DarkMatterRates/modulation_study/srdm_solar_reflection_rates/Si_qcdark2_rpa_composite_vector_FDM2_ne1/Verne_JUNO_2024-08-08_cadence10min/daily_rates/mX_0_042_MeV_sigmaE_3_16em36_cm2.csv
Si,0.042,1e-35,2,1,JUNO,2024-08-08,10,Verne,rpa,composite,vector,qcdark2,5.068704357936071e-23,5.0984181353378936e-23,5.081768334345445e-23,1.4856888700911171e-25,0.002923566704231669,/home/ansh/Projects/SENSEI/DarkMatterRates/modulation_study/srdm_solar_reflection_rates/Si_qcdark2_rpa_composite_vector_FDM2_ne1/Verne_JUNO_2024-08-08_cadence10min/daily_rates/mX_0_042_MeV_sigmaE_1em35_cm2.csv
Si,0.042,3.16e-35,2,1,JUNO,2024-08-08,10,Verne,rpa,composite,vector,qcdark2,1.378482508809244e-22,1.4039172302372532e-22,1.3896782926096687e-22,1.2717360714004596e-24,0.009151298384407185,/home/ansh/Projects/SENSEI/DarkMatterRates/modulation_study/srdm_solar_reflection_rates/Si_qcdark2_rpa_composite_vector_FDM2_ne1/Verne_JUNO_2024-08-08_cadence10min/daily_rates/mX_0_042_MeV_sigmaE_3_16em35_cm2.csv
Si,0.042,1e-34,2,1,JUNO,2024-08-08,10,Verne,rpa,composite,vector,qcdark2,3.35405521696572e-22,3.548892755584098e-22,3.4402266661012584e-22,9.741876930918915e-24,0.028317543802888992,/home/ansh/Projects/SENSEI/DarkMatterRates/modulation_study/srdm_solar_reflection_rates/Si_qcdark2_rpa_composite_vector_FDM2_ne1/Verne_JUNO_2024-08-08_cadence10min/daily_rates/mX_0_042_MeV_sigmaE_1em34_cm2.csv
Si,0.042,3.16e-34,2,1,JUNO,2024-08-08,10,Verne,rpa,composite,vector,qcdark2,8.096995247456714e-22,9.561589624237331e-22,8.75344384216951e-22,7.322971883903085e-23,0.08365818089361401,/home/ansh/Projects/SENSEI/DarkMatterRates/modulation_study/srdm_solar_reflection_rates/Si_qcdark2_rpa_composite_vector_FDM2_ne1/Verne_JUNO_2024-08-08_cadence10min/daily_rates/mX_0_042_MeV_sigmaE_3_16em34_cm2.csv
Si,0.042,1e-33,2,1,JUNO,2024-08-08,10,Verne,rpa,composite,vector,qcdark2,1.584547328108978e-21,2.456825845040574e-21,1.987572822775052e-21,4.36139258465798e-22,0.21943309622077636,/home/ansh/Projects/SENSEI/DarkMatterRates/modulation_study/srdm_solar_reflection_rates/Si_qcdark2_rpa_composite_vector_FDM2_ne1/Verne_JUNO_2024-08-08_cadence10min/daily_rates/mX_0_042_MeV_sigmaE_1em33_cm2.csv
Si,0.053,3.16e-42,2,1,JUNO,2024-08-08,10,Verne,rpa,composite,vector,qcdark2,4.137206550559172e-34,4.137206558359766e-34,4.137206553976087e-34,3.900297118660963e-43,9.427368606753653e-10,/home/ansh/Projects/SENSEI/DarkMatterRates/modulation_study/srdm_solar_reflection_rates/Si_qcdark2_rpa_composite_vector_FDM2_ne1/Verne_JUNO_2024-08-08_cadence10min/daily_rates/mX_0_053_MeV_sigmaE_3_16em42_cm2.csv
Si,0.053,1e-41,2,1,JUNO,2024-08-08,10,Verne,rpa,composite,vector,qcdark2,4.234902237911415e-33,4.23490226318101e-33,4.234902248981743e-33,1.2634797340168226e-41,2.983492084901414e-09,/home/ansh/Projects/SENSEI/DarkMatterRates/modulation_study/srdm_solar_reflection_rates/Si_qcdark2_rpa_composite_vector_FDM2_ne1/Verne_JUNO_2024-08-08_cadence10min/daily_rates/mX_0_053_MeV_sigmaE_1em41_cm2.csv
Si,0.053,3.16e-41,2,1,JUNO,2024-08-08,10,Verne,rpa,composite,vector,qcdark2,4.490187287121593e-32,4.490187371809017e-32,4.490187324218047e-32,4.23437119872267e-40,9.430277387057728e-09,/home/ansh/Projects/SENSEI/DarkMatterRates/modulation_study/srdm_solar_reflection_rates/Si_qcdark2_rpa_composite_vector_FDM2_ne1/Verne_JUNO_2024-08-08_cadence10min/daily_rates/mX_0_053_MeV_sigmaE_3_16em41_cm2.csv
Si,0.053,1e-40,2,1,JUNO,2024-08-08,10,Verne,rpa,composite,vector,qcdark2,4.55919600919261e-31,4.559196281056975e-31,4.559196128283044e-31,1.359321824386158e-38,2.981494513810415e-08,/home/ansh/Projects/SENSEI/DarkMatterRates/modulation_study/srdm_solar_reflection_rates/Si_qcdark2_rpa_composite_vector_FDM2_ne1/Verne_JUNO_2024-08-08_cadence10min/daily_rates/mX_0_053_MeV_sigmaE_1em40_cm2.csv
Si,0.053,3.16e-40,2,1,JUNO,2024-08-08,10,Verne,rpa,composite,vector,qcdark2,4.660372438433079e-30,4.660373318335894e-30,4.660372823924853e-30,4.399514076701775e-37,9.440262062545912e-08,/home/ansh/Projects/SENSEI/DarkMatterRates/modulation_study/srdm_solar_reflection_rates/Si_qcdark2_rpa_composite_vector_FDM2_ne1/Verne_JUNO_2024-08-08_cadence10min/daily_rates/mX_0_053_MeV_sigmaE_3_16em40_cm2.csv
Si,0.053,1e-39,2,1,JUNO,2024-08-08,10,Verne,rpa,composite,vector,qcdark2,4.585708226835916e-29,4.5857109571011017e-29,4.5857094225650124e-29,1.3651325927218743e-35,2.976927814057369e-07,/home/ansh/Projects/SENSEI/DarkMatterRates/modulation_study/srdm_solar_reflection_rates/Si_qcdark2_rpa_composite_vector_FDM2_ne1/Verne_JUNO_2024-08-08_cadence10min/daily_rates/mX_0_053_MeV_sigmaE_1em39_cm2.csv
Si,0.053,3.16e-39,2,1,JUNO,2024-08-08,10,Verne,rpa,composite,vector,qcdark2,4.624235125721288e-28,4.624243847298576e-28,4.624238946175241e-28,4.360788644247083e-34,9.430283977548217e-07,/home/ansh/Projects/SENSEI/DarkMatterRates/modulation_study/srdm_solar_reflection_rates/Si_qcdark2_rpa_composite_vector_FDM2_ne1/Verne_JUNO_2024-08-08_cadence10min/daily_rates/mX_0_053_MeV_sigmaE_3_16em39_cm2.csv
Si,0.053,1e-38,2,1,JUNO,2024-08-08,10,Verne,rpa,composite,vector,qcdark2,4.3556301991495946e-27,4.355656198081923e-27,4.355641589337476e-27,1.2999466164345984e-32,2.984512361202634e-06,/home/ansh/Projects/SENSEI/DarkMatterRates/modulation_study/srdm_solar_reflection_rates/Si_qcdark2_rpa_composite_vector_FDM2_ne1/Verne_JUNO_2024-08-08_cadence10min/daily_rates/mX_0_053_MeV_sigmaE_1em38_cm2.csv
Si,0.053,3.16e-38,2,1,JUNO,2024-08-08,10,Verne,rpa,composite,vector,qcdark2,3.743013789822513e-26,3.7430843689649105e-26,3.7430447057842013e-26,3.52895711987532e-31,9.428038928901791e-06,/home/ansh/Projects/SENSEI/DarkMatterRates/modulation_study/srdm_solar_reflection_rates/Si_qcdark2_rpa_composite_vector_FDM2_ne1/Verne_JUNO_2024-08-08_cadence10min/daily_rates/mX_0_053_MeV_sigmaE_3_16em38_cm2.csv
Si,0.053,1e-37,2,1,JUNO,2024-08-08,10,Verne,rpa,composite,vector,qcdark2,2.654457251766549e-25,2.654615824776863e-25,2.6545267274952914e-25,7.928650515692461e-30,2.9868414710495788e-05,/home/ansh/Projects/SENSEI/DarkMatterRates/modulation_study/srdm_solar_reflection_rates/Si_qcdark2_rpa_composite_vector_FDM2_ne1/Verne_JUNO_2024-08-08_cadence10min/daily_rates/mX_0_053_MeV_sigmaE_1em37_cm2.csv
Si,0.053,3.16e-37,2,1,JUNO,2024-08-08,10,Verne,rpa,composite,vector,qcdark2,1.1528219981533592e-24,1.1530410575083849e-24,1.1529180459052029e-24,1.095296775128399e-28,9.500213645007499e-05,/home/ansh/Projects/SENSEI/DarkMatterRates/modulation_study/srdm_solar_reflection_rates/Si_qcdark2_rpa_composite_vector_FDM2_ne1/Verne_JUNO_2024-08-08_cadence10min/daily_rates/mX_0_053_MeV_sigmaE_3_16em37_cm2.csv
Si,0.053,1e-36,2,1,JUNO,2024-08-08,10,Verne,rpa,composite,vector,qcdark2,3.8951562659484595e-24,3.897516587736932e-24,3.896192223904983e-24,1.1801608942362721e-27,0.00030290109584312256,/home/ansh/Projects/SENSEI/DarkMatterRates/modulation_study/srdm_solar_reflection_rates/Si_qcdark2_rpa_composite_vector_FDM2_ne1/Verne_JUNO_2024-08-08_cadence10min/daily_rates/mX_0_053_MeV_sigmaE_1em36_cm2.csv
Si,0.053,3.16e-36,2,1,JUNO,2024-08-08,10,Verne,rpa,composite,vector,qcdark2,1.2115319878333795e-23,1.213852463288783e-23,1.2125505813109423e-23,1.1602377277017565e-26,0.000956857178236121,/home/ansh/Projects/SENSEI/DarkMatterRates/modulation_study/srdm_solar_reflection_rates/Si_qcdark2_rpa_composite_vector_FDM2_ne1/Verne_JUNO_2024-08-08_cadence10min/daily_rates/mX_0_053_MeV_sigmaE_3_16em36_cm2.csv
Si,0.053,1e-35,2,1,JUNO,2024-08-08,10,Verne,rpa,composite,vector,qcdark2,3.447933356430987e-23,3.468694797424522e-23,3.4570457285288213e-23,1.0380720496767662e-25,0.003002772110042431,/home/ansh/Projects/SENSEI/DarkMatterRates/modulation_study/srdm_solar_reflection_rates/Si_qcdark2_rpa_composite_vector_FDM2_ne1/Verne_JUNO_2024-08-08_cadence10min/daily_rates/mX_0_053_MeV_sigmaE_1em35_cm2.csv
Si,0.053,3.16e-35,2,1,JUNO,2024-08-08,10,Verne,rpa,composite,vector,qcdark2,9.595565314678084e-23,9.777879307312297e-23,9.675709258020897e-23,9.115699631710688e-25,0.00942122111012588,/home/ansh/Projects/SENSEI/DarkMatterRates/modulation_study/srdm_solar_reflection_rates/Si_qcdark2_rpa_composite_vector_FDM2_ne1/Verne_JUNO_2024-08-08_cadence10min/daily_rates/mX_0_053_MeV_sigmaE_3_16em35_cm2.csv
Si,0.053,1e-34,2,1,JUNO,2024-08-08,10,Verne,rpa,composite,vector,qcdark2,2.4813500634939086e-22,2.6290813437082034e-22,2.5465789237547927e-22,7.38656401071474e-24,0.029005831870404595,/home/ansh/Projects/SENSEI/DarkMatterRates/modulation_study/srdm_solar_reflection_rates/Si_qcdark2_rpa_composite_vector_FDM2_ne1/Verne_JUNO_2024-08-08_cadence10min/daily_rates/mX_0_053_MeV_sigmaE_1em34_cm2.csv
Si,0.053,3.16e-34,2,1,JUNO,2024-08-08,10,Verne,rpa,composite,vector,qcdark2,6.368434604891295e-22,7.551510947728529e-22,6.898191965494608e-22,5.915381714186172e-23,0.0857526398768758,/home/ansh/Projects/SENSEI/DarkMatterRates/modulation_study/srdm_solar_reflection_rates/Si_qcdark2_rpa_composite_vector_FDM2_ne1/Verne_JUNO_2024-08-08_cadence10min/daily_rates/mX_0_053_MeV_sigmaE_3_16em34_cm2.csv
Si,0.053,1e-33,2,1,JUNO,2024-08-08,10,Verne,rpa,composite,vector,qcdark2,1.34630395265663e-21,2.105602343155609e-21,1.6969539749922103e-21,3.796491952494896e-22,0.22372391994381127,/home/ansh/Projects/SENSEI/DarkMatterRates/modulation_study/srdm_solar_reflection_rates/Si_qcdark2_rpa_composite_vector_FDM2_ne1/Verne_JUNO_2024-08-08_cadence10min/daily_rates/mX_0_053_MeV_sigmaE_1em33_cm2.csv
Si,0.067,1e-41,2,1,JUNO,2024-08-08,10,Verne,rpa,composite,vector,qcdark2,1.8048424006903756e-33,1.8048424118242232e-33,1.80484240555769e-33,5.566923800960401e-42,3.0844376128453392e-09,/home/ansh/Projects/SENSEI/DarkMatterRates/modulation_study/srdm_solar_reflection_rates/Si_qcdark2_rpa_composite_vector_FDM2_ne1/Verne_JUNO_2024-08-08_cadence10min/daily_rates/mX_0_067_MeV_sigmaE_1em41_cm2.csv
Si,0.067,3.16e-41,2,1,JUNO,2024-08-08,10,Verne,rpa,composite,vector,qcdark2,1.9509618006238332e-32,1.9509618386166722e-32,1.950961817229842e-32,1.89964194981699e-40,9.736950938969576e-09,/home/ansh/Projects/SENSEI/DarkMatterRates/modulation_study/srdm_solar_reflection_rates/Si_qcdark2_rpa_composite_vector_FDM2_ne1/Verne_JUNO_2024-08-08_cadence10min/daily_rates/mX_0_067_MeV_sigmaE_3_16em41_cm2.csv
Si,0.067,1e-40,2,1,JUNO,2024-08-08,10,Verne,rpa,composite,vector,qcdark2,2.0838545500717863e-31,2.0838546789288373e-31,2.083854606420364e-31,6.442852550748146e-39,3.091795622831695e-08,/home/ansh/Projects/SENSEI/DarkMatterRates/modulation_study/srdm_solar_reflection_rates/Si_qcdark2_rpa_composite_vector_FDM2_ne1/Verne_JUNO_2024-08-08_cadence10min/daily_rates/mX_0_067_MeV_sigmaE_1em40_cm2.csv
Si,0.067,3.16e-40,2,1,JUNO,2024-08-08,10,Verne,rpa,composite,vector,qcdark2,2.0941665172778012e-30,2.094166924705772e-30,2.0941666953419434e-30,2.0371398530605303e-37,9.727687187422768e-08,/home/ansh/Projects/SENSEI/DarkMatterRates/modulation_study/srdm_solar_reflection_rates/Si_qcdark2_rpa_composite_vector_FDM2_ne1/Verne_JUNO_2024-08-08_cadence10min/daily_rates/mX_0_067_MeV_sigmaE_3_16em40_cm2.csv
Si,0.067,1e-39,2,1,JUNO,2024-08-08,10,Verne,rpa,composite,vector,qcdark2,2.10875357874511e-29,2.108754877956305e-29,2.1087541466201903e-29,6.496055974994735e-36,3.0805184119762376e-07,/home/ansh/Projects/SENSEI/DarkMatterRates/modulation_study/srdm_solar_reflection_rates/Si_qcdark2_rpa_composite_vector_FDM2_ne1/Verne_JUNO_2024-08-08_cadence10min/daily_rates/mX_0_067_MeV_sigmaE_1em39_cm2.csv
Si,0.067,3.16e-39,2,1,JUNO,2024-08-08,10,Verne,rpa,composite,vector,qcdark2,2.0308764350429564e-28,2.030880390740404e-28,2.030878164076844e-28,1.9778487237684867e-34,9.738884186917915e-07,/home/ansh/Projects/SENSEI/DarkMatterRates/modulation_study/srdm_solar_reflection_rates/Si_qcdark2_rpa_composite_vector_FDM2_ne1/Verne_JUNO_2024-08-08_cadence10min/daily_rates/mX_0_067_MeV_sigmaE_3_16em39_cm2.csv
Si,0.067,1e-38,2,1,JUNO,2024-08-08,10,Verne,rpa,composite,vector,qcdark2,2.0110853155853462e-27,2.011097710745825e-27,2.0110907339944594e-27,6.19758023947588e-33,3.0817009569559056e-06,/home/ansh/Projects/SENSEI/DarkMatterRates/modulation_study/srdm_solar_reflection_rates/Si_qcdark2_rpa_composite_vector_FDM2_ne1/Verne_JUNO_2024-08-08_cadence10min/daily_rates/mX_0_067_MeV_sigmaE_1em38_cm2.csv
Si,0.067,3.16e-38,2,1,JUNO,2024-08-08,10,Verne,rpa,composite,vector,qcdark2,1.8133229954919945e-26,1.8133583418154883e-26,1.8133384469099984e-26,1.7673161746880482e-31,9.746201420367093e-06,/home/ansh/Projects/SENSEI/DarkMatterRates/modulation_study/srdm_solar_reflection_rates/Si_qcdark2_rpa_composite_vector_FDM2_ne1/Verne_JUNO_2024-08-08_cadence10min/daily_rates/mX_0_067_MeV_sigmaE_3_16em38_cm2.csv
Si,0.067,1e-37,2,1,JUNO,2024-08-08,10,Verne,rpa,composite,vector,qcdark2,1.3914542213336945e-25,1.3915400894870952e-25,1.3914917632413698e-25,4.293407670038427e-30,3.085471134976232e-05,/home/ansh/Projects/SENSEI/DarkMatterRates/modulation_study/srdm_solar_reflection_rates/Si_qcdark2_rpa_composite_vector_FDM2_ne1/Verne_JUNO_2024-08-08_cadence10min/daily_rates/mX_0_067_MeV_sigmaE_1em37_cm2.csv
Si,0.067,3.16e-37,2,1,JUNO,2024-08-08,10,Verne,rpa,composite,vector,qcdark2,7.105483601210241e-25,7.106876672751655e-25,7.106092987624635e-25,6.965357707069176e-29,9.801951253944254e-05,/home/ansh/Projects/SENSEI/DarkMatterRates/modulation_study/srdm_solar_reflection_rates/Si_qcdark2_rpa_composite_vector_FDM2_ne1/Verne_JUNO_2024-08-08_cadence10min/daily_rates/mX_0_067_MeV_sigmaE_3_16em37_cm2.csv
Si,0.067,1e-36,2,1,JUNO,2024-08-08,10,Verne,rpa,composite,vector,qcdark2,2.4670395614406184e-24,2.4685864041437772e-24,2.467717108515163e-24,7.734213515793867e-28,0.00031341572699342265,/home/ansh/Projects/SENSEI/DarkMatterRates/modulation_study/srdm_solar_reflection_rates/Si_qcdark2_rpa_composite_vector_FDM2_ne1/Verne_JUNO_2024-08-08_cadence10min/daily_rates/mX_0_067_MeV_sigmaE_1em36_cm2.csv
Si,0.067,3.16e-36,2,1,JUNO,2024-08-08,10,Verne,rpa,composite,vector,qcdark2,8.030480222314404e-24,8.046413553732272e-24,8.037461016309479e-24,7.966665708934183e-27,0.0009911918319439883,/home/ansh/Projects/SENSEI/DarkMatterRates/modulation_study/srdm_solar_reflection_rates/Si_qcdark2_rpa_composite_vector_FDM2_ne1/Verne_JUNO_2024-08-08_cadence10min/daily_rates/mX_0_067_MeV_sigmaE_3_16em36_cm2.csv
Si,0.067,1e-35,2,1,JUNO,2024-08-08,10,Verne,rpa,composite,vector,qcdark2,2.3798114615804123e-23,2.3946733301607384e-23,2.3863233261792774e-23,7.430934290163061e-26,0.003113967922385718,/home/ansh/Projects/SENSEI/DarkMatterRates/modulation_study/srdm_solar_reflection_rates/Si_qcdark2_rpa_composite_vector_FDM2_ne1/Verne_JUNO_2024-08-08_cadence10min/daily_rates/mX_0_067_MeV_sigmaE_1em35_cm2.csv
Si,0.067,3.16e-35,2,1,JUNO,2024-08-08,10,Verne,rpa,composite,vector,qcdark2,6.842962594866151e-23,6.977284371627431e-23,6.901886549093507e-23,6.71608883806402e-25,0.009730801557359864,/home/ansh/Projects/SENSEI/DarkMatterRates/modulation_study/srdm_solar_reflection_rates/Si_qcdark2_rpa_composite_vector_FDM2_ne1/Verne_JUNO_2024-08-08_cadence10min/daily_rates/mX_0_067_MeV_sigmaE_3_16em35_cm2.csv
Si,0.067,1e-34,2,1,JUNO,2024-08-08,10,Verne,rpa,composite,vector,qcdark2,1.9157855316639931e-22,2.0338229029442778e-22,1.967817934975743e-22,5.901868564014235e-24,0.029991944168793166,/home/ansh/Projects/SENSEI/DarkMatterRates/modulation_study/srdm_solar_reflection_rates/Si_qcdark2_rpa_composite_vector_FDM2_ne1/Verne_JUNO_2024-08-08_cadence10min/daily_rates/mX_0_067_MeV_sigmaE_1em34_cm2.csv
Si,0.067,3.16e-34,2,1,JUNO,2024-08-08,10,Verne,rpa,composite,vector,qcdark2,4.881752574469805e-22,5.814848259527727e-22,5.298880087607536e-22,4.665478425289611e-23,0.08804649941410717,/home/ansh/Projects/SENSEI/DarkMatterRates/modulation_study/srdm_solar_reflection_rates/Si_qcdark2_rpa_composite_vector_FDM2_ne1/Verne_JUNO_2024-08-08_cadence10min/daily_rates/mX_0_067_MeV_sigmaE_3_16em34_cm2.csv
Si,0.067,1e-33,2,1,JUNO,2024-08-08,10,Verne,rpa,composite,vector,qcdark2,1.0999484535672797e-21,1.73886121558717e-21,1.3948239371762995e-21,3.1945638100994517e-22,0.22902989581370176,/home/ansh/Projects/SENSEI/DarkMatterRates/modulation_study/srdm_solar_reflection_rates/Si_qcdark2_rpa_composite_vector_FDM2_ne1/Verne_JUNO_2024-08-08_cadence10min/daily_rates/mX_0_067_MeV_sigmaE_1em33_cm2.csv
Si,0.085,1e-41,2,1,JUNO,2024-08-08,10,Verne,rpa,composite,vector,qcdark2,8.024860358541812e-34,8.024860410239857e-34,8.024860381092755e-34,2.5849022529316868e-42,3.2211180384171337e-09,/home/ansh/Projects/SENSEI/DarkMatterRates/modulation_study/srdm_solar_reflection_rates/Si_qcdark2_rpa_composite_vector_FDM2_ne1/Verne_JUNO_2024-08-08_cadence10min/daily_rates/mX_0_085_MeV_sigmaE_1em41_cm2.csv
Si,0.085,3.16e-41,2,1,JUNO,2024-08-08,10,Verne,rpa,composite,vector,qcdark2,8.740254966662429e-33,8.740255144913164e-33,8.740255044421085e-33,8.912536782229287e-41,1.0197112941135705e-08,/home/ansh/Projects/SENSEI/DarkMatterRates/modulation_study/srdm_solar_reflection_rates/Si_qcdark2_rpa_composite_vector_FDM2_ne1/Verne_JUNO_2024-08-08_cadence10min/daily_rates/mX_0_085_MeV_sigmaE_3_16em41_cm2.csv
Si,0.085,1e-40,2,1,JUNO,2024-08-08,10,Verne,rpa,composite,vector,qcdark2,9.225056474432541e-32,9.225057069681287e-32,9.22505673412619e-32,2.976243732401069e-39,3.226260627093024e-08,/home/ansh/Projects/SENSEI/DarkMatterRates/modulation_study/srdm_solar_reflection_rates/Si_qcdark2_rpa_composite_vector_FDM2_ne1/Verne_JUNO_2024-08-08_cadence10min/daily_rates/mX_0_085_MeV_sigmaE_1em40_cm2.csv
Si,0.085,3.16e-40,2,1,JUNO,2024-08-08,10,Verne,rpa,composite,vector,qcdark2,9.812619423732883e-31,9.812621416707576e-31,9.81262029278633e-31,9.96487346603129e-38,1.015516056741428e-07,/home/ansh/Projects/SENSEI/DarkMatterRates/modulation_study/srdm_solar_reflection_rates/Si_qcdark2_rpa_composite_vector_FDM2_ne1/Verne_JUNO_2024-08-08_cadence10min/daily_rates/mX_0_085_MeV_sigmaE_3_16em40_cm2.csv
Si,0.085,1e-39,2,1,JUNO,2024-08-08,10,Verne,rpa,composite,vector,qcdark2,9.466384315231732e-30,9.466390397738214e-30,9.466386967820343e-30,3.041253240893661e-36,3.21268637256429e-07,/home/ansh/Projects/SENSEI/DarkMatterRates/modulation_study/srdm_solar_reflection_rates/Si_qcdark2_rpa_composite_vector_FDM2_ne1/Verne_JUNO_2024-08-08_cadence10min/daily_rates/mX_0_085_MeV_sigmaE_1em39_cm2.csv
Si,0.085,3.16e-39,2,1,JUNO,2024-08-08,10,Verne,rpa,composite,vector,qcdark2,9.53956737531854e-29,9.539586772818652e-29,9.539575834952553e-29,9.698750056309828e-35,1.0166856707374837e-06,/home/ansh/Projects/SENSEI/DarkMatterRates/modulation_study/srdm_solar_reflection_rates/Si_qcdark2_rpa_composite_vector_FDM2_ne1/Verne_JUNO_2024-08-08_cadence10min/daily_rates/mX_0_085_MeV_sigmaE_3_16em39_cm2.csv
Si,0.085,1e-38,2,1,JUNO,2024-08-08,10,Verne,rpa,composite,vector,qcdark2,9.064177794998419e-28,9.064236011541995e-28,9.064203181325629e-28,2.910827178827957e-33,3.2113437007071283e-06,/home/ansh/Projects/SENSEI/DarkMatterRates/modulation_study/srdm_solar_reflection_rates/Si_qcdark2_rpa_composite_vector_FDM2_ne1/Verne_JUNO_2024-08-08_cadence10min/daily_rates/mX_0_085_MeV_sigmaE_1em38_cm2.csv
Si,0.085,3.16e-38,2,1,JUNO,2024-08-08,10,Verne,rpa,composite,vector,qcdark2,8.874750243573612e-27,8.874930796636019e-27,8.874828989352788e-27,9.02765312034797e-32,1.01721995220173e-05,/home/ansh/Projects/SENSEI/DarkMatterRates/modulation_study/srdm_solar_reflection_rates/Si_qcdark2_rpa_composite_vector_FDM2_ne1/Verne_JUNO_2024-08-08_cadence10min/daily_rates/mX_0_085_MeV_sigmaE_3_16em38_cm2.csv
Si,0.085,1e-37,2,1,JUNO,2024-08-08,10,Verne,rpa,composite,vector,qcdark2,7.214985032292959e-26,7.215448956866106e-26,7.215187346585678e-26,2.3196228657320564e-30,3.214917027524909e-05,/home/ansh/Projects/SENSEI/DarkMatterRates/modulation_study/srdm_solar_reflection_rates/Si_qcdark2_rpa_composite_vector_FDM2_ne1/Verne_JUNO_2024-08-08_cadence10min/daily_rates/mX_0_085_MeV_sigmaE_1em37_cm2.csv
Si,0.085,3.16e-37,2,1,JUNO,2024-08-08,10,Verne,rpa,composite,vector,qcdark2,4.141634434276679e-25,4.142479878934617e-25,4.142003316022938e-25,4.2272232896891797e-29,0.00010205745788122807,/home/ansh/Projects/SENSEI/DarkMatterRates/modulation_study/srdm_solar_reflection_rates/Si_qcdark2_rpa_composite_vector_FDM2_ne1/Verne_JUNO_2024-08-08_cadence10min/daily_rates/mX_0_085_MeV_sigmaE_3_16em37_cm2.csv
Si,0.085,1e-36,2,1,JUNO,2024-08-08,10,Verne,rpa,composite,vector,qcdark2,1.5686135894315472e-24,1.5696370135649966e-24,1.5690606777771346e-24,5.1171206672472245e-28,0.0003261263722762191,/home/ansh/Projects/SENSEI/DarkMatterRates/modulation_study/srdm_solar_reflection_rates/Si_qcdark2_rpa_composite_vector_FDM2_ne1/Verne_JUNO_2024-08-08_cadence10min/daily_rates/mX_0_085_MeV_sigmaE_1em36_cm2.csv
Si,0.085,3.16e-36,2,1,JUNO,2024-08-08,10,Verne,rpa,composite,vector,qcdark2,5.153491466520155e-24,5.164176739797975e-24,5.158162679237267e-24,5.342636638909788e-27,0.00103576350168541,/home/ansh/Projects/SENSEI/DarkMatterRates/modulation_study/srdm_solar_reflection_rates/Si_qcdark2_rpa_composite_vector_FDM2_ne1/Verne_JUNO_2024-08-08_cadence10min/daily_rates/mX_0_085_MeV_sigmaE_3_16em36_cm2.csv
Si,0.085,1e-35,2,1,JUNO,2024-08-08,10,Verne,rpa,composite,vector,qcdark2,1.614021309997908e-23,1.624557158565375e-23,1.6186277508134848e-23,5.267924283733427e-26,0.003254561946739076,/home/ansh/Projects/SENSEI/DarkMatterRates/modulation_study/srdm_solar_reflection_rates/Si_qcdark2_rpa_composite_vector_FDM2_ne1/Verne_JUNO_2024-08-08_cadence10min/daily_rates/mX_0_085_MeV_sigmaE_1em35_cm2.csv
Si,0.085,3.16e-35,2,1,JUNO,2024-08-08,10,Verne,rpa,composite,vector,qcdark2,4.891046942103624e-23,4.9914228680595917e-23,4.934991943484902e-23,5.018796297798392e-25,0.010169816598027332,/home/ansh/Projects/SENSEI/DarkMatterRates/modulation_study/srdm_solar_reflection_rates/Si_qcdark2_rpa_composite_vector_FDM2_ne1/Verne_JUNO_2024-08-08_cadence10min/daily_rates/mX_0_085_MeV_sigmaE_3_16em35_cm2.csv
Si,0.085,1e-34,2,1,JUNO,2024-08-08,10,Verne,rpa,composite,vector,qcdark2,1.4058438182762884e-22,1.496073787100403e-22,1.445535315158311e-22,4.511498441205724e-24,0.03120988047747306,/home/ansh/Projects/SENSEI/DarkMatterRates/modulation_study/srdm_solar_reflection_rates/Si_qcdark2_rpa_composite_vector_FDM2_ne1/Verne_JUNO_2024-08-08_cadence10min/daily_rates/mX_0_085_MeV_sigmaE_1em34_cm2.csv
Si,0.085,3.16e-34,2,1,JUNO,2024-08-08,10,Verne,rpa,composite,vector,qcdark2,3.7082197844902786e-22,4.4456502246199145e-22,4.037395573906244e-22,3.6871522006481797e-23,0.09132501715903953,/home/ansh/Projects/SENSEI/DarkMatterRates/modulation_study/srdm_solar_reflection_rates/Si_qcdark2_rpa_composite_vector_FDM2_ne1/Verne_JUNO_2024-08-08_cadence10min/daily_rates/mX_0_085_MeV_sigmaE_3_16em34_cm2.csv
Si,0.085,1e-33,2,1,JUNO,2024-08-08,10,Verne,rpa,composite,vector,qcdark2,8.830333832868257e-22,1.4154415392496074e-21,1.128624289042e-21,2.6620407798139086e-22,0.2358659835394385,/home/ansh/Projects/SENSEI/DarkMatterRates/modulation_study/srdm_solar_reflection_rates/Si_qcdark2_rpa_composite_vector_FDM2_ne1/Verne_JUNO_2024-08-08_cadence10min/daily_rates/mX_0_085_MeV_sigmaE_1em33_cm2.csv
Si,0.108,1e-41,2,1,JUNO,2024-08-08,10,Verne,rpa,composite,vector,qcdark2,3.358877195101494e-34,3.358877217954963e-34,3.3588772050458334e-34,1.1426734333325184e-42,3.401950603064473e-09,/home/ansh/Projects/SENSEI/DarkMatterRates/modulation_study/srdm_solar_reflection_rates/Si_qcdark2_rpa_composite_vector_FDM2_ne1/Verne_JUNO_2024-08-08_cadence10min/daily_rates/mX_0_108_MeV_sigmaE_1em41_cm2.csv
Si,0.108,3.16e-41,2,1,JUNO,2024-08-08,10,Verne,rpa,composite,vector,qcdark2,3.6637038564965505e-33,3.6637039352724144e-33,3.663703890770336e-33,3.938793192536562e-41,1.0750850259649083e-08,/home/ansh/Projects/SENSEI/DarkMatterRates/modulation_study/srdm_solar_reflection_rates/Si_qcdark2_rpa_composite_vector_FDM2_ne1/Verne_JUNO_2024-08-08_cadence10min/daily_rates/mX_0_108_MeV_sigmaE_3_16em41_cm2.csv
Si,0.108,1e-40,2,1,JUNO,2024-08-08,10,Verne,rpa,composite,vector,qcdark2,4.1979681581882337e-32,4.1979684426324857e-32,4.197968281903416e-32,1.4222212599063841e-39,3.387879956209506e-08,/home/ansh/Projects/SENSEI/DarkMatterRates/modulation_study/srdm_solar_reflection_rates/Si_qcdark2_rpa_composite_vector_FDM2_ne1/Verne_JUNO_2024-08-08_cadence10min/daily_rates/mX_0_108_MeV_sigmaE_1em40_cm2.csv
Si,0.108,3.16e-40,2,1,JUNO,2024-08-08,10,Verne,rpa,composite,vector,qcdark2,4.726800115777054e-31,4.726801131848002e-31,4.726800557823808e-31,5.080354740320346e-38,1.074797778787458e-07,/home/ansh/Projects/SENSEI/DarkMatterRates/modulation_study/srdm_solar_reflection_rates/Si_qcdark2_rpa_composite_vector_FDM2_ne1/Verne_JUNO_2024-08-08_cadence10min/daily_rates/mX_0_108_MeV_sigmaE_3_16em40_cm2.csv
Si,0.108,1e-39,2,1,JUNO,2024-08-08,10,Verne,rpa,composite,vector,qcdark2,4.424162120380116e-30,4.4241651259984864e-30,4.424163427927836e-30,1.5028091850920835e-36,3.3968211382190293e-07,/home/ansh/Projects/SENSEI/DarkMatterRates/modulation_study/srdm_solar_reflection_rates/Si_qcdark2_rpa_composite_vector_FDM2_ne1/Verne_JUNO_2024-08-08_cadence10min/daily_rates/mX_0_108_MeV_sigmaE_1em39_cm2.csv
Si,0.108,3.16e-39,2,1,JUNO,2024-08-08,10,Verne,rpa,composite,vector,qcdark2,4.4790008759007436e-29,4.479010491540352e-29,4.4790050590682513e-29,4.8078198041366124e-35,1.073412452259378e-06,/home/ansh/Projects/SENSEI/DarkMatterRates/modulation_study/srdm_solar_reflection_rates/Si_qcdark2_rpa_composite_vector_FDM2_ne1/Verne_JUNO_2024-08-08_cadence10min/daily_rates/mX_0_108_MeV_sigmaE_3_16em39_cm2.csv
Si,0.108,1e-38,2,1,JUNO,2024-08-08,10,Verne,rpa,composite,vector,qcdark2,4.408025779945062e-28,4.408055724279066e-28,4.408038806955841e-28,1.4972167001934974e-33,3.3965597077568933e-06,/home/ansh/Projects/SENSEI/DarkMatterRates/modulation_study/srdm_solar_reflection_rates/Si_qcdark2_rpa_composite_vector_FDM2_ne1/Verne_JUNO_2024-08-08_cadence10min/daily_rates/mX_0_108_MeV_sigmaE_1em38_cm2.csv
Si,0.108,3.16e-38,2,1,JUNO,2024-08-08,10,Verne,rpa,composite,vector,qcdark2,4.270865499673851e-27,4.2709568504278286e-27,4.270905222748295e-27,4.567537698870773e-32,1.069454239944851e-05,/home/ansh/Projects/SENSEI/DarkMatterRates/modulation_study/srdm_solar_reflection_rates/Si_qcdark2_rpa_composite_vector_FDM2_ne1/Verne_JUNO_2024-08-08_cadence10min/daily_rates/mX_0_108_MeV_sigmaE_3_16em38_cm2.csv
Si,0.108,1e-37,2,1,JUNO,2024-08-08,10,Verne,rpa,composite,vector,qcdark2,3.748298891190578e-26,3.7485539166518526e-26,3.7484098631973016e-26,1.2751273063740329e-30,3.4017819633159876e-05,/home/ansh/Projects/SENSEI/DarkMatterRates/modulation_study/srdm_solar_reflection_rates/Si_qcdark2_rpa_composite_vector_FDM2_ne1/Verne_JUNO_2024-08-08_cadence10min/daily_rates/mX_0_108_MeV_sigmaE_1em37_cm2.csv
Si,0.108,3.16e-37,2,1,JUNO,2024-08-08,10,Verne,rpa,composite,vector,qcdark2,2.3803098884138896e-25,2.380822257932973e-25,2.380532860769928e-25,2.5618475954174805e-29,0.00010761656088162171,/home/ansh/Projects/SENSEI/DarkMatterRates/modulation_study/srdm_solar_reflection_rates/Si_qcdark2_rpa_composite_vector_FDM2_ne1/Verne_JUNO_2024-08-08_cadence10min/daily_rates/mX_0_108_MeV_sigmaE_3_16em37_cm2.csv
Si,0.108,1e-36,2,1,JUNO,2024-08-08,10,Verne,rpa,composite,vector,qcdark2,1.002743765492658e-24,1.0034331396721273e-24,1.0030440829712959e-24,3.4468708973465995e-28,0.00034364101796363806,/home/ansh/Projects/SENSEI/DarkMatterRates/modulation_study/srdm_solar_reflection_rates/Si_qcdark2_rpa_composite_vector_FDM2_ne1/Verne_JUNO_2024-08-08_cadence10min/daily_rates/mX_0_108_MeV_sigmaE_1em36_cm2.csv
Si,0.108,3.16e-36,2,1,JUNO,2024-08-08,10,Verne,rpa,composite,vector,qcdark2,3.41016838588991e-24,3.41762771886936e-24,3.413420306655247e-24,3.729666489725129e-27,0.0010926478882349437,/home/ansh/Projects/SENSEI/DarkMatterRates/modulation_study/srdm_solar_reflection_rates/Si_qcdark2_rpa_composite_vector_FDM2_ne1/Verne_JUNO_2024-08-08_cadence10min/daily_rates/mX_0_108_MeV_sigmaE_3_16em36_cm2.csv
Si,0.108,1e-35,2,1,JUNO,2024-08-08,10,Verne,rpa,composite,vector,qcdark2,1.1202485830453581e-23,1.1279831583580031e-23,1.1236223224895728e-23,3.8672876563225026e-26,0.0034418038685399923,/home/ansh/Projects/SENSEI/DarkMatterRates/modulation_study/srdm_solar_reflection_rates/Si_qcdark2_rpa_composite_vector_FDM2_ne1/Verne_JUNO_2024-08-08_cadence10min/daily_rates/mX_0_108_MeV_sigmaE_1em35_cm2.csv
Si,0.108,3.16e-35,2,1,JUNO,2024-08-08,10,Verne,rpa,composite,vector,qcdark2,3.485454438815943e-23,3.561002197272241e-23,3.518451068466654e-23,3.777387922814896e-25,0.010735939904547505,/home/ansh/Projects/SENSEI/DarkMatterRates/modulation_study/srdm_solar_reflection_rates/Si_qcdark2_rpa_composite_vector_FDM2_ne1/Verne_JUNO_2024-08-08_cadence10min/daily_rates/mX_0_108_MeV_sigmaE_3_16em35_cm2.csv
Si,0.108,1e-34,2,1,JUNO,2024-08-08,10,Verne,rpa,composite,vector,qcdark2,1.0328769774959043e-22,1.1027497837475275e-22,1.0635450310135629e-22,3.493640312581159e-24,0.032849011661045556,/home/ansh/Projects/SENSEI/DarkMatterRates/modulation_study/srdm_solar_reflection_rates/Si_qcdark2_rpa_composite_vector_FDM2_ne1/Verne_JUNO_2024-08-08_cadence10min/daily_rates/mX_0_108_MeV_sigmaE_1em34_cm2.csv
Si,0.108,3.16e-34,2,1,JUNO,2024-08-08,10,Verne,rpa,composite,vector,qcdark2,2.805531835945631e-22,3.3915652583078555e-22,3.06673375281207e-22,2.9301671118111234e-23,0.09554683738437611,/home/ansh/Projects/SENSEI/DarkMatterRates/modulation_study/srdm_solar_reflection_rates/Si_qcdark2_rpa_composite_vector_FDM2_ne1/Verne_JUNO_2024-08-08_cadence10min/daily_rates/mX_0_108_MeV_sigmaE_3_16em34_cm2.csv
Si,0.108,1e-33,2,1,JUNO,2024-08-08,10,Verne,rpa,composite,vector,qcdark2,6.71328816776032e-22,1.0956339730977123e-21,8.669898322129684e-22,2.1215257816084014e-22,0.24470019171888827,/home/ansh/Projects/SENSEI/DarkMatterRates/modulation_study/srdm_solar_reflection_rates/Si_qcdark2_rpa_composite_vector_FDM2_ne1/Verne_JUNO_2024-08-08_cadence10min/daily_rates/mX_0_108_MeV_sigmaE_1em33_cm2.csv
Si,0.137,1e-41,2,1,JUNO,2024-08-08,10,Verne,rpa,composite,vector,qcdark2,1.6480481971375662e-34,1.6480482091057605e-34,1.6480482023286977e-34,5.984097170409016e-43,3.6310207201181777e-09,/home/ansh/Projects/SENSEI/DarkMatterRates/modulation_study/srdm_solar_reflection_rates/Si_qcdark2_rpa_composite_vector_FDM2_ne1/Verne_JUNO_2024-08-08_cadence10min/daily_rates/mX_0_137_MeV_sigmaE_1em41_cm2.csv
Si,0.137,3.16e-41,2,1,JUNO,2024-08-08,10,Verne,rpa,composite,vector,qcdark2,1.6091656564434114e-33,1.6091656935536925e-33,1.6091656725488032e-33,1.855514051939447e-41,1.1530907498172303e-08,/home/ansh/Projects/SENSEI/DarkMatterRates/modulation_study/srdm_solar_reflection_rates/Si_qcdark2_rpa_composite_vector_FDM2_ne1/Verne_JUNO_2024-08-08_cadence10min/daily_rates/mX_0_137_MeV_sigmaE_3_16em41_cm2.csv
Si,0.137,1e-40,2,1,JUNO,2024-08-08,10,Verne,rpa,composite,vector,qcdark2,1.856100137838001e-32,1.8561002730436015e-32,1.8561001965082026e-32,6.760280021337399e-40,3.642195628261453e-08,/home/ansh/Projects/SENSEI/DarkMatterRates/modulation_study/srdm_solar_reflection_rates/Si_qcdark2_rpa_composite_vector_FDM2_ne1/Verne_JUNO_2024-08-08_cadence10min/daily_rates/mX_0_137_MeV_sigmaE_1em40_cm2.csv
Si,0.137,3.16e-40,2,1,JUNO,2024-08-08,10,Verne,rpa,composite,vector,qcdark2,2.056257879277907e-31,2.056258350623747e-31,2.0562580837126793e-31,2.35672919962672e-38,1.1461251961969311e-07,/home/ansh/Projects/SENSEI/DarkMatterRates/modulation_study/srdm_solar_reflection_rates/Si_qcdark2_rpa_composite_vector_FDM2_ne1/Verne_JUNO_2024-08-08_cadence10min/daily_rates/mX_0_137_MeV_sigmaE_3_16em40_cm2.csv
Si,0.137,1e-39,2,1,JUNO,2024-08-08,10,Verne,rpa,composite,vector,qcdark2,2.1142225163282115e-30,2.1142240501428253e-30,2.1142231816157876e-30,7.66907306870316e-37,3.627371573346432e-07,/home/ansh/Projects/SENSEI/DarkMatterRates/modulation_study/srdm_solar_reflection_rates/Si_qcdark2_rpa_composite_vector_FDM2_ne1/Verne_JUNO_2024-08-08_cadence10min/daily_rates/mX_0_137_MeV_sigmaE_1em39_cm2.csv
Si,0.137,3.16e-39,2,1,JUNO,2024-08-08,10,Verne,rpa,composite,vector,qcdark2,2.228512883244602e-29,2.2285179775053367e-29,2.2285150917285977e-29,2.547130367334886e-35,1.1429720071400312e-06,/home/ansh/Projects/SENSEI/DarkMatterRates/modulation_study/srdm_solar_reflection_rates/Si_qcdark2_rpa_composite_vector_FDM2_ne1/Verne_JUNO_2024-08-08_cadence10min/daily_rates/mX_0_137_MeV_sigmaE_3_16em39_cm2.csv
Si,0.137,1e-38,2,1,JUNO,2024-08-08,10,Verne,rpa,composite,vector,qcdark2,2.1232550835152442e-28,2.123270482336123e-28,2.123261762358732e-28,7.699410439491203e-34,3.6262181969207257e-06,/home/ansh/Projects/SENSEI/DarkMatterRates/modulation_study/srdm_solar_reflection_rates/Si_qcdark2_rpa_composite_vector_FDM2_ne1/Verne_JUNO_2024-08-08_cadence10min/daily_rates/mX_0_137_MeV_sigmaE_1em38_cm2.csv
Si,0.137,3.16e-38,2,1,JUNO,2024-08-08,10,Verne,rpa,composite,vector,qcdark2,2.0847437065278372e-27,2.084791527427686e-27,2.0847644467846425e-27,2.3910449924477567e-32,1.1469137418068954e-05,/home/ansh/Projects/SENSEI/DarkMatterRates/modulation_study/srdm_solar_reflection_rates/Si_qcdark2_rpa_composite_vector_FDM2_ne1/Verne_JUNO_2024-08-08_cadence10min/daily_rates/mX_0_137_MeV_sigmaE_3_16em38_cm2.csv
Si,0.137,1e-37,2,1,JUNO,2024-08-08,10,Verne,rpa,composite,vector,qcdark2,1.8654148956845364e-26,1.865549905066124e-26,1.865473435491037e-26,6.750469079377625e-31,3.6186358652707057e-05,/home/ansh/Projects/SENSEI/DarkMatterRates/modulation_study/srdm_solar_reflection_rates/Si_qcdark2_rpa_composite_vector_FDM2_ne1/Verne_JUNO_2024-08-08_cadence10min/daily_rates/mX_0_137_MeV_sigmaE_1em37_cm2.csv
Si,0.137,3.16e-37,2,1,JUNO,2024-08-08,10,Verne,rpa,composite,vector,qcdark2,1.3153221578351692e-25,1.3156236322879399e-25,1.315452914411643e-25,1.5073722638533755e-29,0.00011458960235969917,/home/ansh/Projects/SENSEI/DarkMatterRates/modulation_study/srdm_solar_reflection_rates/Si_qcdark2_rpa_composite_vector_FDM2_ne1/Verne_JUNO_2024-08-08_cadence10min/daily_rates/mX_0_137_MeV_sigmaE_3_16em37_cm2.csv
Si,0.137,1e-36,2,1,JUNO,2024-08-08,10,Verne,rpa,composite,vector,qcdark2,6.255743492517503e-25,6.260329511216937e-25,6.257734921355239e-25,2.29300934971715e-28,0.0003664280092613051,/home/ansh/Projects/SENSEI/DarkMatterRates/modulation_study/srdm_solar_reflection_rates/Si_qcdark2_rpa_composite_vector_FDM2_ne1/Verne_JUNO_2024-08-08_cadence10min/daily_rates/mX_0_137_MeV_sigmaE_1em36_cm2.csv
Si,0.137,3.16e-36,2,1,JUNO,2024-08-08,10,Verne,rpa,composite,vector,qcdark2,2.199681660300393e-24,2.2048321691073984e-24,2.2019207968274848e-24,2.5752544035026096e-27,0.0011695490624426736,/home/ansh/Projects/SENSEI/DarkMatterRates/modulation_study/srdm_solar_reflection_rates/Si_qcdark2_rpa_composite_vector_FDM2_ne1/Verne_JUNO_2024-08-08_cadence10min/daily_rates/mX_0_137_MeV_sigmaE_3_16em36_cm2.csv
Si,0.137,1e-35,2,1,JUNO,2024-08-08,10,Verne,rpa,composite,vector,qcdark2,7.747387478043364e-24,7.80466874928891e-24,7.77230374142963e-24,2.864063562277346e-26,0.0036849609299372714,/home/ansh/Projects/SENSEI/DarkMatterRates/modulation_study/srdm_solar_reflection_rates/Si_qcdark2_rpa_composite_vector_FDM2_ne1/Verne_JUNO_2024-08-08_cadence10min/daily_rates/mX_0_137_MeV_sigmaE_1em35_cm2.csv
Si,0.137,3.16e-35,2,1,JUNO,2024-08-08,10,Verne,rpa,composite,vector,qcdark2,2.4710127417906537e-23,2.528336364913108e-23,2.4959817302069327e-23,2.866181156122717e-25,0.011483181633244938,/home/ansh/Projects/SENSEI/DarkMatterRates/modulation_study/srdm_solar_reflection_rates/Si_qcdark2_rpa_composite_vector_FDM2_ne1/Verne_JUNO_2024-08-08_cadence10min/daily_rates/mX_0_137_MeV_sigmaE_3_16em35_cm2.csv
Si,0.137,1e-34,2,1,JUNO,2024-08-08,10,Verne,rpa,composite,vector,qcdark2,7.679443962341748e-23,8.235151976967231e-23,7.922822285437535e-23,2.7785400731274143e-24,0.035070079487135315,/home/ansh/Projects/SENSEI/DarkMatterRates/modulation_study/srdm_solar_reflection_rates/Si_qcdark2_rpa_composite_vector_FDM2_ne1/Verne_JUNO_2024-08-08_cadence10min/daily_rates/mX_0_137_MeV_sigmaE_1em34_cm2.csv
Si,0.137,3.16e-34,2,1,JUNO,2024-08-08,10,Verne,rpa,composite,vector,qcdark2,2.1215381401042145e-22,2.5921805924602696e-22,2.330950084735996e-22,2.3532122617802755e-23,0.10095506880177578,/home/ansh/Projects/SENSEI/DarkMatterRates/modulation_study/srdm_solar_reflection_rates/Si_qcdark2_rpa_composite_vector_FDM2_ne1/Verne_JUNO_2024-08-08_cadence10min/daily_rates/mX_0_137_MeV_sigmaE_3_16em34_cm2.csv
Si,0.137,1e-33,2,1,JUNO,2024-08-08,10,Verne,rpa,composite,vector,qcdark2,5.337412589853754e-22,8.91212154598657e-22,6.985478762982866e-22,1.7873544780664083e-22,0.25586714078036804,/home/ansh/Projects/SENSEI/DarkMatterRates/modulation_study/srdm_solar_reflection_rates/Si_qcdark2_rpa_composite_vector_FDM2_ne1/Verne_JUNO_2024-08-08_cadence10min/daily_rates/mX_0_137_MeV_sigmaE_1em33_cm2.csv
Si,0.173,1e-41,2,1,JUNO,2024-08-08,10,Verne,rpa,composite,vector,qcdark2,6.901131552219987e-35,6.901131606738296e-35,6.901131575799961e-35,2.7259154160276775e-43,3.9499542735666454e-09,/home/ansh/Projects/SENSEI/DarkMatterRates/modulation_study/srdm_solar_reflection_rates/Si_qcdark2_rpa_composite_vector_FDM2_ne1/Verne_JUNO_2024-08-08_cadence10min/daily_rates/mX_0_173_MeV_sigmaE_1em41_cm2.csv
Si,0.173,3.16e-41,2,1,JUNO,2024-08-08,10,Verne,rpa,composite,vector,qcdark2,7.199382742336848e-34,7.199382921781999e-34,7.199382819929683e-34,8.972257567188106e-42,1.2462537125197265e-08,/home/ansh/Projects/SENSEI/DarkMatterRates/modulation_study/srdm_solar_reflection_rates/Si_qcdark2_rpa_composite_vector_FDM2_ne1/Verne_JUNO_2024-08-08_cadence10min/daily_rates/mX_0_173_MeV_sigmaE_3_16em41_cm2.csv
Si,0.173,1e-40,2,1,JUNO,2024-08-08,10,Verne,rpa,composite,vector,qcdark2,8.911737577742459e-33,8.911738279092324e-33,8.911737880866457e-33,3.506749324865523e-40,3.934978083673814e-08,/home/ansh/Projects/SENSEI/DarkMatterRates/modulation_study/srdm_solar_reflection_rates/Si_qcdark2_rpa_composite_vector_FDM2_ne1/Verne_JUNO_2024-08-08_cadence10min/daily_rates/mX_0_173_MeV_sigmaE_1em40_cm2.csv
Si,0.173,3.16e-40,2,1,JUNO,2024-08-08,10,Verne,rpa,composite,vector,qcdark2,1.0265422877031263e-31,1.0265425454727423e-31,1.0265423992370796e-31,1.2888480800063014e-38,1.2555234746895656e-07,/home/ansh/Projects/SENSEI/DarkMatterRates/modulation_study/srdm_solar_reflection_rates/Si_qcdark2_rpa_composite_vector_FDM2_ne1/Verne_JUNO_2024-08-08_cadence10min/daily_rates/mX_0_173_MeV_sigmaE_3_16em40_cm2.csv
Si,0.173,1e-39,2,1,JUNO,2024-08-08,10,Verne,rpa,composite,vector,qcdark2,1.0758673666888771e-30,1.0758682153544065e-30,1.07586773360995e-30,4.243327647121801e-37,3.9440978798423526e-07,/home/ansh/Projects/SENSEI/DarkMatterRates/modulation_study/srdm_solar_reflection_rates/Si_qcdark2_rpa_composite_vector_FDM2_ne1/Verne_JUNO_2024-08-08_cadence10min/daily_rates/mX_0_173_MeV_sigmaE_1em39_cm2.csv
Si,0.173,3.16e-39,2,1,JUNO,2024-08-08,10,Verne,rpa,composite,vector,qcdark2,1.033255369132875e-29,1.0332579317727872e-29,1.0332564764808285e-29,1.281319956056681e-35,1.2400792883686853e-06,/home/ansh/Projects/SENSEI/DarkMatterRates/modulation_study/srdm_solar_reflection_rates/Si_qcdark2_rpa_composite_vector_FDM2_ne1/Verne_JUNO_2024-08-08_cadence10min/daily_rates/mX_0_173_MeV_sigmaE_3_16em39_cm2.csv
Si,0.173,1e-38,2,1,JUNO,2024-08-08,10,Verne,rpa,composite,vector,qcdark2,1.056309323866703e-28,1.0563176312139436e-28,1.0563129147319912e-28,4.153673620337284e-34,3.932237845819729e-06,/home/ansh/Projects/SENSEI/DarkMatterRates/modulation_study/srdm_solar_reflection_rates/Si_qcdark2_rpa_composite_vector_FDM2_ne1/Verne_JUNO_2024-08-08_cadence10min/daily_rates/mX_0_173_MeV_sigmaE_1em38_cm2.csv
Si,0.173,3.16e-38,2,1,JUNO,2024-08-08,10,Verne,rpa,composite,vector,qcdark2,1.0285985401318104e-27,1.0286240694006652e-27,1.0286095716647047e-27,1.276463442740721e-32,1.240960105664668e-05,/home/ansh/Projects/SENSEI/DarkMatterRates/modulation_study/srdm_solar_reflection_rates/Si_qcdark2_rpa_composite_vector_FDM2_ne1/Verne_JUNO_2024-08-08_cadence10min/daily_rates/mX_0_173_MeV_sigmaE_3_16em38_cm2.csv
Si,0.173,1e-37,2,1,JUNO,2024-08-08,10,Verne,rpa,composite,vector,qcdark2,9.361258863862703e-27,9.361996292745986e-27,9.361577658716496e-27,3.687144416414291e-31,3.9385929923694204e-05,/home/ansh/Projects/SENSEI/DarkMatterRates/modulation_study/srdm_solar_reflection_rates/Si_qcdark2_rpa_composite_vector_FDM2_ne1/Verne_JUNO_2024-08-08_cadence10min/daily_rates/mX_0_173_MeV_sigmaE_1em37_cm2.csv
Si,0.173,3.16e-37,2,1,JUNO,2024-08-08,10,Verne,rpa,composite,vector,qcdark2,7.652453957124471e-26,7.654361377595726e-26,7.653278661451706e-26,9.537102356271646e-30,0.00012461459693488552,/home/ansh/Projects/SENSEI/DarkMatterRates/modulation_study/srdm_solar_reflection_rates/Si_qcdark2_rpa_composite_vector_FDM2_ne1/Verne_JUNO_2024-08-08_cadence10min/daily_rates/mX_0_173_MeV_sigmaE_3_16em37_cm2.csv
Si,0.173,1e-36,2,1,JUNO,2024-08-08,10,Verne,rpa,composite,vector,qcdark2,3.832000336791989e-25,3.835035702112569e-25,3.833313372115636e-25,1.517682660290034e-28,0.00039591927738806624,/home/ansh/Projects/SENSEI/DarkMatterRates/modulation_study/srdm_solar_reflection_rates/Si_qcdark2_rpa_composite_vector_FDM2_ne1/Verne_JUNO_2024-08-08_cadence10min/daily_rates/mX_0_173_MeV_sigmaE_1em36_cm2.csv
Si,0.173,3.16e-36,2,1,JUNO,2024-08-08,10,Verne,rpa,composite,vector,qcdark2,1.5026347294603524e-24,1.5064521000202483e-24,1.5042886890450092e-24,1.9086852799479538e-27,0.001268829110959861,/home/ansh/Projects/SENSEI/DarkMatterRates/modulation_study/srdm_solar_reflection_rates/Si_qcdark2_rpa_composite_vector_FDM2_ne1/Verne_JUNO_2024-08-08_cadence10min/daily_rates/mX_0_173_MeV_sigmaE_3_16em36_cm2.csv
Si,0.173,1e-35,2,1,JUNO,2024-08-08,10,Verne,rpa,composite,vector,qcdark2,5.293616961591596e-24,5.336124222403639e-24,5.31204677894163e-24,2.1253630406021287e-26,0.004001024706762061,/home/ansh/Projects/SENSEI/DarkMatterRates/modulation_study/srdm_solar_reflection_rates/Si_qcdark2_rpa_composite_vector_FDM2_ne1/Verne_JUNO_2024-08-08_cadence10min/daily_rates/mX_0_173_MeV_sigmaE_1em35_cm2.csv
Si,0.173,3.16e-35,2,1,JUNO,2024-08-08,10,Verne,rpa,composite,vector,qcdark2,1.7639647392674336e-23,1.808210204474023e-23,1.7831703957470632e-23,2.2122732603294743e-25,0.012406404152995359,/home/ansh/Projects/SENSEI/DarkMatterRates/modulation_study/srdm_solar_reflection_rates/Si_qcdark2_rpa_composite_vector_FDM2_ne1/Verne_JUNO_2024-08-08_cadence10min/daily_rates/mX_0_173_MeV_sigmaE_3_16em35_cm2.csv
Si,0.173,1e-34,2,1,JUNO,2024-08-08,10,Verne,rpa,composite,vector,qcdark2,5.621214795251494e-23,6.061391646065072e-23,5.813472039019818e-23,2.200884254067891e-24,0.03785834419251755,/home/ansh/Projects/SENSEI/DarkMatterRates/modulation_study/srdm_solar_reflection_rates/Si_qcdark2_rpa_composite_vector_FDM2_ne1/Verne_JUNO_2024-08-08_cadence10min/daily_rates/mX_0_173_MeV_sigmaE_1em34_cm2.csv
Si,0.173,3.16e-34,2,1,JUNO,2024-08-08,10,Verne,rpa,composite,vector,qcdark2,1.62462554022295e-22,2.0147642465249638e-22,1.7980506234035453e-22,1.9506935315100686e-23,0.1084893554230183,/home/ansh/Projects/SENSEI/DarkMatterRates/modulation_study/srdm_solar_reflection_rates/Si_qcdark2_rpa_composite_vector_FDM2_ne1/Verne_JUNO_2024-08-08_cadence10min/daily_rates/mX_0_173_MeV_sigmaE_3_16em34_cm2.csv
Si,0.173,1e-33,2,1,JUNO,2024-08-08,10,Verne,rpa,composite,vector,qcdark2,4.284141452309993e-22,7.362920867552761e-22,5.703606974705919e-22,1.5393897076213836e-22,0.26989757787452656,/home/ansh/Projects/SENSEI/DarkMatterRates/modulation_study/srdm_solar_reflection_rates/Si_qcdark2_rpa_composite_vector_FDM2_ne1/Verne_JUNO_2024-08-08_cadence10min/daily_rates/mX_0_173_MeV_sigmaE_1em33_cm2.csv
Si,0.22,3.16e-41,2,1,JUNO,2024-08-08,10,Verne,rpa,composite,vector,qcdark2,3.5118519426816257e-34,3.5118520394539616e-34,3.511851984371314e-34,4.838616799577959e-42,1.3777963368362634e-08,/home/ansh/Projects/SENSEI/DarkMatterRates/modulation_study/srdm_solar_reflection_rates/Si_qcdark2_rpa_composite_vector_FDM2_ne1/Verne_JUNO_2024-08-08_cadence10min/daily_rates/mX_0_22_MeV_sigmaE_3_16em41_cm2.csv
Si,0.22,1e-40,2,1,JUNO,2024-08-08,10,Verne,rpa,composite,vector,qcdark2,4.318504890936525e-33,4.3185052680367076e-33,4.318505053444637e-33,1.8855009119473756e-40,4.36609634262999e-08,/home/ansh/Projects/SENSEI/DarkMatterRates/modulation_study/srdm_solar_reflection_rates/Si_qcdark2_rpa_composite_vector_FDM2_ne1/Verne_JUNO_2024-08-08_cadence10min/daily_rates/mX_0_22_MeV_sigmaE_1em40_cm2.csv
Si,0.22,3.16e-40,2,1,JUNO,2024-08-08,10,Verne,rpa,composite,vector,qcdark2,4.834162599236289e-32,4.8341639211699085e-32,4.8341631682266765e-32,6.609668098382596e-39,1.3672827888445543e-07,/home/ansh/Projects/SENSEI/DarkMatterRates/modulation_study/srdm_solar_reflection_rates/Si_qcdark2_rpa_composite_vector_FDM2_ne1/Verne_JUNO_2024-08-08_cadence10min/daily_rates/mX_0_22_MeV_sigmaE_3_16em40_cm2.csv
Si,0.22,1e-39,2,1,JUNO,2024-08-08,10,Verne,rpa,composite,vector,qcdark2,5.242496001045252e-31,5.242500549262901e-31,5.242497959109796e-31,2.2741088243389294e-37,4.337834448532785e-07,/home/ansh/Projects/SENSEI/DarkMatterRates/modulation_study/srdm_solar_reflection_rates/Si_qcdark2_rpa_composite_vector_FDM2_ne1/Verne_JUNO_2024-08-08_cadence10min/daily_rates/mX_0_22_MeV_sigmaE_1em39_cm2.csv
Si,0.22,3.16e-39,2,1,JUNO,2024-08-08,10,Verne,rpa,composite,vector,qcdark2,5.4669036854665906e-30,5.466918722785865e-30,5.466910161900203e-30,7.518659637245452e-36,1.3753033092887146e-06,/home/ansh/Projects/SENSEI/DarkMatterRates/modulation_study/srdm_solar_reflection_rates/Si_qcdark2_rpa_composite_vector_FDM2_ne1/Verne_JUNO_2024-08-08_cadence10min/daily_rates/mX_0_22_MeV_sigmaE_3_16em39_cm2.csv
Si,0.22,1e-38,2,1,JUNO,2024-08-08,10,Verne,rpa,composite,vector,qcdark2,5.587227051576061e-29,5.587275724454627e-29,5.587248018238227e-29,2.4336439282901605e-34,4.3557112917595845e-06,/home/ansh/Projects/SENSEI/DarkMatterRates/modulation_study/srdm_solar_reflection_rates/Si_qcdark2_rpa_composite_vector_FDM2_ne1/Verne_JUNO_2024-08-08_cadence10min/daily_rates/mX_0_22_MeV_sigmaE_1em38_cm2.csv
Si,0.22,3.16e-38,2,1,JUNO,2024-08-08,10,Verne,rpa,composite,vector,qcdark2,5.359485315312677e-28,5.359632612235865e-28,5.3595487597581e-28,7.364846159392993e-33,1.374154147955807e-05,/home/ansh/Projects/SENSEI/DarkMatterRates/modulation_study/srdm_solar_reflection_rates/Si_qcdark2_rpa_composite_vector_FDM2_ne1/Verne_JUNO_2024-08-08_cadence10min/daily_rates/mX_0_22_MeV_sigmaE_3_16em38_cm2.csv
Si,0.22,1e-37,2,1,JUNO,2024-08-08,10,Verne,rpa,composite,vector,qcdark2,4.9070805672860065e-27,4.907507342034632e-27,4.907264396633804e-27,2.1338737431292415e-31,4.348397743950779e-05,/home/ansh/Projects/SENSEI/DarkMatterRates/modulation_study/srdm_solar_reflection_rates/Si_qcdark2_rpa_composite_vector_FDM2_ne1/Verne_JUNO_2024-08-08_cadence10min/daily_rates/mX_0_22_MeV_sigmaE_1em37_cm2.csv
Si,0.22,3.16e-37,2,1,JUNO,2024-08-08,10,Verne,rpa,composite,vector,qcdark2,4.383754776811676e-26,4.384966222487086e-26,4.384276838712526e-26,6.057228377049407e-30,0.00013815798134745878,/home/ansh/Projects/SENSEI/DarkMatterRates/modulation_study/srdm_solar_reflection_rates/Si_qcdark2_rpa_composite_vector_FDM2_ne1/Verne_JUNO_2024-08-08_cadence10min/daily_rates/mX_0_22_MeV_sigmaE_3_16em37_cm2.csv
Si,0.22,1e-36,2,1,JUNO,2024-08-08,10,Verne,rpa,composite,vector,qcdark2,2.5343398409469085e-25,2.5365727666508224e-25,2.535303013136266e-25,1.1164628519569232e-28,0.0004403666331685601,/home/ansh/Projects/SENSEI/DarkMatterRates/modulation_study/srdm_solar_reflection_rates/Si_qcdark2_rpa_composite_vector_FDM2_ne1/Verne_JUNO_2024-08-08_cadence10min/daily_rates/mX_0_22_MeV_sigmaE_1em36_cm2.csv
Si,0.22,3.16e-36,2,1,JUNO,2024-08-08,10,Verne,rpa,composite,vector,qcdark2,1.068529243139847e-24,1.0715247278864552e-24,1.0698221064419615e-24,1.4977423733041464e-27,0.0013999919839807497,/home/ansh/Projects/SENSEI/DarkMatterRates/modulation_study/srdm_solar_reflection_rates/Si_qcdark2_rpa_composite_vector_FDM2_ne1/Verne_JUNO_2024-08-08_cadence10min/daily_rates/mX_0_22_MeV_sigmaE_3_16em36_cm2.csv
Si,0.22,1e-35,2,1,JUNO,2024-08-08,10,Verne,rpa,composite,vector,qcdark2,3.8039399523333994e-24,3.837647505130302e-24,3.8184988027085786e-24,1.6853776398451276e-26,0.004413717869047484,/home/ansh/Projects/SENSEI/DarkMatterRates/modulation_study/srdm_solar_reflection_rates/Si_qcdark2_rpa_composite_vector_FDM2_ne1/Verne_JUNO_2024-08-08_cadence10min/daily_rates/mX_0_22_MeV_sigmaE_1em35_cm2.csv
Si,0.22,3.16e-35,2,1,JUNO,2024-08-08,10,Verne,rpa,composite,vector,qcdark2,1.304375130021952e-23,1.3405488614206667e-23,1.3200251367859423e-23,1.8086865699357338e-25,0.013701910058619086,/home/ansh/Projects/SENSEI/DarkMatterRates/modulation_study/srdm_solar_reflection_rates/Si_qcdark2_rpa_composite_vector_FDM2_ne1/Verne_JUNO_2024-08-08_cadence10min/daily_rates/mX_0_22_MeV_sigmaE_3_16em35_cm2.csv
Si,0.22,1e-34,2,1,JUNO,2024-08-08,10,Verne,rpa,composite,vector,qcdark2,4.288393938967004e-23,4.657605804930379e-23,4.4491792814655664e-23,1.846059329816876e-24,0.04149213176252995,/home/ansh/Projects/SENSEI/DarkMatterRates/modulation_study/srdm_solar_reflection_rates/Si_qcdark2_rpa_composite_vector_FDM2_ne1/Verne_JUNO_2024-08-08_cadence10min/daily_rates/mX_0_22_MeV_sigmaE_1em34_cm2.csv
Si,0.22,3.16e-34,2,1,JUNO,2024-08-08,10,Verne,rpa,composite,vector,qcdark2,1.2727195057082977e-22,1.6065279025105387e-22,1.4208788139948604e-22,1.669041984011205e-23,0.11746547049418124,/home/ansh/Projects/SENSEI/DarkMatterRates/modulation_study/srdm_solar_reflection_rates/Si_qcdark2_rpa_composite_vector_FDM2_ne1/Verne_JUNO_2024-08-08_cadence10min/daily_rates/mX_0_22_MeV_sigmaE_3_16em34_cm2.csv
Si,0.22,1e-33,2,1,JUNO,2024-08-08,10,Verne,rpa,composite,vector,qcdark2,3.3145114976136683e-22,5.920133096095243e-22,4.516760355054431e-22,1.3028107992407874e-22,0.2884392123622169,/home/ansh/Projects/SENSEI/DarkMatterRates/modulation_study/srdm_solar_reflection_rates/Si_qcdark2_rpa_composite_vector_FDM2_ne1/Verne_JUNO_2024-08-08_cadence10min/daily_rates/mX_0_22_MeV_sigmaE_1em33_cm2.csv
Si,0.279,3.16e-41,2,1,JUNO,2024-08-08,10,Verne,rpa,composite,vector,qcdark2,1.754654730754256e-34,1.7546547855429287e-34,1.754654754282942e-34,2.739433639849911e-42,1.5612379775355917e-08,/home/ansh/Projects/SENSEI/DarkMatterRates/modulation_study/srdm_solar_reflection_rates/Si_qcdark2_rpa_composite_vector_FDM2_ne1/Verne_JUNO_2024-08-08_cadence10min/daily_rates/mX_0_279_MeV_sigmaE_3_16em41_cm2.csv
Si,0.279,1e-40,2,1,JUNO,2024-08-08,10,Verne,rpa,composite,vector,qcdark2,2.2386878899399373e-33,2.2386881102529073e-33,2.238687984493725e-33,1.1015648504097358e-40,4.920582314461533e-08,/home/ansh/Projects/SENSEI/DarkMatterRates/modulation_study/srdm_solar_reflection_rates/Si_qcdark2_rpa_composite_vector_FDM2_ne1/Verne_JUNO_2024-08-08_cadence10min/daily_rates/mX_0_279_MeV_sigmaE_1em40_cm2.csv
Si,0.279,3.16e-40,2,1,JUNO,2024-08-08,10,Verne,rpa,composite,vector,qcdark2,2.603002945921659e-32,2.603003760010977e-32,2.6030032954857223e-32,4.070446590032165e-39,1.5637500717311296e-07,/home/ansh/Projects/SENSEI/DarkMatterRates/modulation_study/srdm_solar_reflection_rates/Si_qcdark2_rpa_composite_vector_FDM2_ne1/Verne_JUNO_2024-08-08_cadence10min/daily_rates/mX_0_279_MeV_sigmaE_3_16em40_cm2.csv
Si,0.279,1e-39,2,1,JUNO,2024-08-08,10,Verne,rpa,composite,vector,qcdark2,2.822241685846616e-31,2.8222444705333818e-31,2.822242881270805e-31,1.3923433828485472e-37,4.933464061823056e-07,/home/ansh/Projects/SENSEI/DarkMatterRates/modulation_study/srdm_solar_reflection_rates/Si_qcdark2_rpa_composite_vector_FDM2_ne1/Verne_JUNO_2024-08-08_cadence10min/daily_rates/mX_0_279_MeV_sigmaE_1em39_cm2.csv
Si,0.279,3.16e-39,2,1,JUNO,2024-08-08,10,Verne,rpa,composite,vector,qcdark2,2.9631645336876574e-30,2.963173757020273e-30,2.9631684924141783e-30,4.611666307738789e-36,1.5563294222197714e-06,/home/ansh/Projects/SENSEI/DarkMatterRates/modulation_study/srdm_solar_reflection_rates/Si_qcdark2_rpa_composite_vector_FDM2_ne1/Verne_JUNO_2024-08-08_cadence10min/daily_rates/mX_0_279_MeV_sigmaE_3_16em39_cm2.csv
Si,0.279,1e-38,2,1,JUNO,2024-08-08,10,Verne,rpa,composite,vector,qcdark2,2.8900728666914276e-29,2.8901012330760755e-29,2.890085037932622e-29,1.4183192323976261e-34,4.90753460116938e-06,/home/ansh/Projects/SENSEI/DarkMatterRates/modulation_study/srdm_solar_reflection_rates/Si_qcdark2_rpa_composite_vector_FDM2_ne1/Verne_JUNO_2024-08-08_cadence10min/daily_rates/mX_0_279_MeV_sigmaE_1em38_cm2.csv
Si,0.279,3.16e-38,2,1,JUNO,2024-08-08,10,Verne,rpa,composite,vector,qcdark2,2.897034344846626e-28,2.897123938180477e-28,2.8970727824625328e-28,4.479666692554396e-33,1.546273438372731e-05,/home/ansh/Projects/SENSEI/DarkMatterRates/modulation_study/srdm_solar_reflection_rates/Si_qcdark2_rpa_composite_vector_FDM2_ne1/Verne_JUNO_2024-08-08_cadence10min/daily_rates/mX_0_279_MeV_sigmaE_3_16em38_cm2.csv
Si,0.279,1e-37,2,1,JUNO,2024-08-08,10,Verne,rpa,composite,vector,qcdark2,2.7805250525339226e-27,2.7807981254352613e-27,2.7806422226293028e-27,1.3653645066930873e-31,4.910248774838909e-05,/home/ansh/Projects/SENSEI/DarkMatterRates/modulation_study/srdm_solar_reflection_rates/Si_qcdark2_rpa_composite_vector_FDM2_ne1/Verne_JUNO_2024-08-08_cadence10min/daily_rates/mX_0_279_MeV_sigmaE_1em37_cm2.csv
Si,0.279,3.16e-37,2,1,JUNO,2024-08-08,10,Verne,rpa,composite,vector,qcdark2,2.5301659328558985e-26,2.530954243635852e-26,2.5305043293131843e-26,3.941553899767602e-30,0.00015576159479787957,/home/ansh/Projects/SENSEI/DarkMatterRates/modulation_study/srdm_solar_reflection_rates/Si_qcdark2_rpa_composite_vector_FDM2_ne1/Verne_JUNO_2024-08-08_cadence10min/daily_rates/mX_0_279_MeV_sigmaE_3_16em37_cm2.csv
Si,0.279,1e-36,2,1,JUNO,2024-08-08,10,Verne,rpa,composite,vector,qcdark2,1.637525643316167e-25,1.6391461326881277e-25,1.6382215611735628e-25,8.102446859803553e-29,0.0004945879758778936,/home/ansh/Projects/SENSEI/DarkMatterRates/modulation_study/srdm_solar_reflection_rates/Si_qcdark2_rpa_composite_vector_FDM2_ne1/Verne_JUNO_2024-08-08_cadence10min/daily_rates/mX_0_279_MeV_sigmaE_1em36_cm2.csv
Si,0.279,3.16e-36,2,1,JUNO,2024-08-08,10,Verne,rpa,composite,vector,qcdark2,7.688746619019172e-25,7.713028549708752e-25,7.699184563476911e-25,1.2140965344790246e-27,0.001576915742789708,/home/ansh/Projects/SENSEI/DarkMatterRates/modulation_study/srdm_solar_reflection_rates/Si_qcdark2_rpa_composite_vector_FDM2_ne1/Verne_JUNO_2024-08-08_cadence10min/daily_rates/mX_0_279_MeV_sigmaE_3_16em36_cm2.csv
Si,0.279,1e-35,2,1,JUNO,2024-08-08,10,Verne,rpa,composite,vector,qcdark2,2.782535095573955e-24,2.8102199224485864e-24,2.7944416611361263e-24,1.384241343731573e-26,0.004953552485933046,/home/ansh/Projects/SENSEI/DarkMatterRates/modulation_study/srdm_solar_reflection_rates/Si_qcdark2_rpa_composite_vector_FDM2_ne1/Verne_JUNO_2024-08-08_cadence10min/daily_rates/mX_0_279_MeV_sigmaE_1em35_cm2.csv
Si,0.279,3.16e-35,2,1,JUNO,2024-08-08,10,Verne,rpa,composite,vector,qcdark2,1.0043336376166862e-23,1.0357169215932873e-23,1.0178635454184191e-23,1.5691641988300573e-25,0.015416253051729167,/home/ansh/Projects/SENSEI/DarkMatterRates/modulation_study/srdm_solar_reflection_rates/Si_qcdark2_rpa_composite_vector_FDM2_ne1/Verne_JUNO_2024-08-08_cadence10min/daily_rates/mX_0_279_MeV_sigmaE_3_16em35_cm2.csv
Si,0.279,1e-34,2,1,JUNO,2024-08-08,10,Verne,rpa,composite,vector,qcdark2,3.263929023598448e-23,3.579360109928186e-23,3.40090505942263e-23,1.5771554316486911e-24,0.046374579827772204,/home/ansh/Projects/SENSEI/DarkMatterRates/modulation_study/srdm_solar_reflection_rates/Si_qcdark2_rpa_composite_vector_FDM2_ne1/Verne_JUNO_2024-08-08_cadence10min/daily_rates/mX_0_279_MeV_sigmaE_1em34_cm2.csv
Si,0.279,3.16e-34,2,1,JUNO,2024-08-08,10,Verne,rpa,composite,vector,qcdark2,9.79721885938809e-23,1.2669528891667096e-22,1.1071252297760315e-22,1.4361550161395028e-23,0.12971929258897236,/home/ansh/Projects/SENSEI/DarkMatterRates/modulation_study/srdm_solar_reflection_rates/Si_qcdark2_rpa_composite_vector_FDM2_ne1/Verne_JUNO_2024-08-08_cadence10min/daily_rates/mX_0_279_MeV_sigmaE_3_16em34_cm2.csv
Si,0.279,1e-33,2,1,JUNO,2024-08-08,10,Verne,rpa,composite,vector,qcdark2,2.575798447492048e-22,4.815248292409813e-22,3.609795956946186e-22,1.1197249224588822e-22,0.3101906411924032,/home/ansh/Projects/SENSEI/DarkMatterRates/modulation_study/srdm_solar_reflection_rates/Si_qcdark2_rpa_composite_vector_FDM2_ne1/Verne_JUNO_2024-08-08_cadence10min/daily_rates/mX_0_279_MeV_sigmaE_1em33_cm2.csv
Si,0.353,3.16e-41,2,1,JUNO,2024-08-08,10,Verne,rpa,composite,vector,qcdark2,1.0090475281534397e-34,1.0090475645858048e-34,1.0090475437308992e-34,1.8216182551543876e-42,1.8052848614239244e-08,/home/ansh/Projects/SENSEI/DarkMatterRates/modulation_study/srdm_solar_reflection_rates/Si_qcdark2_rpa_composite_vector_FDM2_ne1/Verne_JUNO_2024-08-08_cadence10min/daily_rates/mX_0_353_MeV_sigmaE_3_16em41_cm2.csv
Si,0.353,1e-40,2,1,JUNO,2024-08-08,10,Verne,rpa,composite,vector,qcdark2,1.1298943495067917e-33,1.1298944785665316e-33,1.1298944046928479e-33,6.452986997485442e-41,5.711141652426919e-08,/home/ansh/Projects/SENSEI/DarkMatterRates/modulation_study/srdm_solar_reflection_rates/Si_qcdark2_rpa_composite_vector_FDM2_ne1/Verne_JUNO_2024-08-08_cadence10min/daily_rates/mX_0_353_MeV_sigmaE_1em40_cm2.csv
Si,0.353,3.16e-40,2,1,JUNO,2024-08-08,10,Verne,rpa,composite,vector,qcdark2,1.4433909377205008e-32,1.4433914585753283e-32,1.4433911604264668e-32,2.6042741374898905e-39,1.804274689281336e-07,/home/ansh/Projects/SENSEI/DarkMatterRates/modulation_study/srdm_solar_reflection_rates/Si_qcdark2_rpa_composite_vector_FDM2_ne1/Verne_JUNO_2024-08-08_cadence10min/daily_rates/mX_0_353_MeV_sigmaE_3_16em40_cm2.csv
Si,0.353,1e-39,2,1,JUNO,2024-08-08,10,Verne,rpa,composite,vector,qcdark2,1.640688312722194e-31,1.6406901806223122e-31,1.6406891112696827e-31,9.339500591547768e-38,5.69242553473168e-07,/home/ansh/Projects/SENSEI/DarkMatterRates/modulation_study/srdm_solar_reflection_rates/Si_qcdark2_rpa_composite_vector_FDM2_ne1/Verne_JUNO_2024-08-08_cadence10min/daily_rates/mX_0_353_MeV_sigmaE_1em39_cm2.csv
Si,0.353,3.16e-39,2,1,JUNO,2024-08-08,10,Verne,rpa,composite,vector,qcdark2,1.5524471424542807e-30,1.5524527273428682e-30,1.552449529975607e-30,2.7924442937397627e-36,1.798734348409793e-06,/home/ansh/Projects/SENSEI/DarkMatterRates/modulation_study/srdm_solar_reflection_rates/Si_qcdark2_rpa_composite_vector_FDM2_ne1/Verne_JUNO_2024-08-08_cadence10min/daily_rates/mX_0_353_MeV_sigmaE_3_16em39_cm2.csv
Si,0.353,1e-38,2,1,JUNO,2024-08-08,10,Verne,rpa,composite,vector,qcdark2,1.8205518041751995e-29,1.8205724958603915e-29,1.8205606492289026e-29,1.0345842595971947e-34,5.682778324552891e-06,/home/ansh/Projects/SENSEI/DarkMatterRates/modulation_study/srdm_solar_reflection_rates/Si_qcdark2_rpa_composite_vector_FDM2_ne1/Verne_JUNO_2024-08-08_cadence10min/daily_rates/mX_0_353_MeV_sigmaE_1em38_cm2.csv
Si,0.353,3.16e-38,2,1,JUNO,2024-08-08,10,Verne,rpa,composite,vector,qcdark2,1.652560616360238e-28,1.652620068828054e-28,1.6525860303343409e-28,2.9726233908034564e-33,1.79877073643304e-05,/home/ansh/Projects/SENSEI/DarkMatterRates/modulation_study/srdm_solar_reflection_rates/Si_qcdark2_rpa_composite_vector_FDM2_ne1/Verne_JUNO_2024-08-08_cadence10min/daily_rates/mX_0_353_MeV_sigmaE_3_16em38_cm2.csv
Si,0.353,1e-37,2,1,JUNO,2024-08-08,10,Verne,rpa,composite,vector,qcdark2,1.6018409306301972e-27,1.6020235614208917e-27,1.6019190234395298e-27,9.131539534724502e-32,5.700375238142744e-05,/home/ansh/Projects/SENSEI/DarkMatterRates/modulation_study/srdm_solar_reflection_rates/Si_qcdark2_rpa_composite_vector_FDM2_ne1/Verne_JUNO_2024-08-08_cadence10min/daily_rates/mX_0_353_MeV_sigmaE_1em37_cm2.csv
Si,0.353,3.16e-37,2,1,JUNO,2024-08-08,10,Verne,rpa,composite,vector,qcdark2,1.4781320368399716e-26,1.4786629031305715e-26,1.478358956454864e-26,2.6543314529997057e-30,0.00017954580255426252,/home/ansh/Projects/SENSEI/DarkMatterRates/modulation_study/srdm_solar_reflection_rates/Si_qcdark2_rpa_composite_vector_FDM2_ne1/Verne_JUNO_2024-08-08_cadence10min/daily_rates/mX_0_353_MeV_sigmaE_3_16em37_cm2.csv
Si,0.353,1e-36,2,1,JUNO,2024-08-08,10,Verne,rpa,composite,vector,qcdark2,1.108005805972077e-25,1.1092764867490511e-25,1.1085494535722008e-25,6.353403884870553e-29,0.0005731276908213053,/home/ansh/Projects/SENSEI/DarkMatterRates/modulation_study/srdm_solar_reflection_rates/Si_qcdark2_rpa_composite_vector_FDM2_ne1/Verne_JUNO_2024-08-08_cadence10min/daily_rates/mX_0_353_MeV_sigmaE_1em36_cm2.csv
Si,0.353,3.16e-36,2,1,JUNO,2024-08-08,10,Verne,rpa,composite,vector,qcdark2,5.509974394564059e-25,5.529774226649972e-25,5.518439481030425e-25,9.899916042956419e-28,0.0017939702115040439,/home/ansh/Projects/SENSEI/DarkMatterRates/modulation_study/srdm_solar_reflection_rates/Si_qcdark2_rpa_composite_vector_FDM2_ne1/Verne_JUNO_2024-08-08_cadence10min/daily_rates/mX_0_353_MeV_sigmaE_3_16em36_cm2.csv
Si,0.353,1e-35,2,1,JUNO,2024-08-08,10,Verne,rpa,composite,vector,qcdark2,2.0568024130903533e-24,2.0802824466615984e-24,2.0668542825855146e-24,1.1740016785622545e-26,0.005680137629700951,/home/ansh/Projects/SENSEI/DarkMatterRates/modulation_study/srdm_solar_reflection_rates/Si_qcdark2_rpa_composite_vector_FDM2_ne1/Verne_JUNO_2024-08-08_cadence10min/daily_rates/mX_0_353_MeV_sigmaE_1em35_cm2.csv
Si,0.353,3.16e-35,2,1,JUNO,2024-08-08,10,Verne,rpa,composite,vector,qcdark2,7.491793830085065e-24,7.760193248277062e-24,7.607019858828091e-24,1.3419970909599846e-25,0.017641561555838077,/home/ansh/Projects/SENSEI/DarkMatterRates/modulation_study/srdm_solar_reflection_rates/Si_qcdark2_rpa_composite_vector_FDM2_ne1/Verne_JUNO_2024-08-08_cadence10min/daily_rates/mX_0_353_MeV_sigmaE_3_16em35_cm2.csv
Si,0.353,1e-34,2,1,JUNO,2024-08-08,10,Verne,rpa,composite,vector,qcdark2,2.5067777210354688e-23,2.7820320749253126e-23,2.6258901336259102e-23,1.3762717694492194e-24,0.052411628035207276,/home/ansh/Projects/SENSEI/DarkMatterRates/modulation_study/srdm_solar_reflection_rates/Si_qcdark2_rpa_composite_vector_FDM2_ne1/Verne_JUNO_2024-08-08_cadence10min/daily_rates/mX_0_353_MeV_sigmaE_1em34_cm2.csv
Si,0.353,3.16e-34,2,1,JUNO,2024-08-08,10,Verne,rpa,composite,vector,qcdark2,7.700473061216845e-23,1.0251315056688348e-22,8.831135170037822e-23,1.2754209977357514e-23,0.14442322229003873,/home/ansh/Projects/SENSEI/DarkMatterRates/modulation_study/srdm_solar_reflection_rates/Si_qcdark2_rpa_composite_vector_FDM2_ne1/Verne_JUNO_2024-08-08_cadence10min/daily_rates/mX_0_353_MeV_sigmaE_3_16em34_cm2.csv
Si,0.353,1e-33,2,1,JUNO,2024-08-08,10,Verne,rpa,composite,vector,qcdark2,2.0026996029524784e-22,3.9658799503124286e-22,2.910275368871872e-22,9.815901736799751e-23,0.3372842941870738,/home/ansh/Projects/SENSEI/DarkMatterRates/modulation_study/srdm_solar_reflection_rates/Si_qcdark2_rpa_composite_vector_FDM2_ne1/Verne_JUNO_2024-08-08_cadence10min/daily_rates/mX_0_353_MeV_sigmaE_1em33_cm2.csv
Si,0.448,3.16e-41,2,1,JUNO,2024-08-08,10,Verne,rpa,composite,vector,qcdark2,6.053113384677623e-35,6.053113646342063e-35,6.053113496202087e-35,1.3083222010989594e-42,2.1614037171446426e-08,/home/ansh/Projects/SENSEI/DarkMatterRates/modulation_study/srdm_solar_reflection_rates/Si_qcdark2_rpa_composite_vector_FDM2_ne1/Verne_JUNO_2024-08-08_cadence10min/daily_rates/mX_0_448_MeV_sigmaE_3_16em41_cm2.csv
Si,0.448,1e-40,2,1,JUNO,2024-08-08,10,Verne,rpa,composite,vector,qcdark2,6.641888380012385e-34,6.641889281558187e-34,6.641888764109341e-34,4.5077290117044045e-41,6.786817984761717e-08,/home/ansh/Projects/SENSEI/DarkMatterRates/modulation_study/srdm_solar_reflection_rates/Si_qcdark2_rpa_composite_vector_FDM2_ne1/Verne_JUNO_2024-08-08_cadence10min/daily_rates/mX_0_448_MeV_sigmaE_1em40_cm2.csv
Si,0.448,3.16e-40,2,1,JUNO,2024-08-08,10,Verne,rpa,composite,vector,qcdark2,7.888312665090846e-33,7.888316061540096e-33,7.888314112636665e-33,1.698224625004681e-39,2.1528359555107148e-07,/home/ansh/Projects/SENSEI/DarkMatterRates/modulation_study/srdm_solar_reflection_rates/Si_qcdark2_rpa_composite_vector_FDM2_ne1/Verne_JUNO_2024-08-08_cadence10min/daily_rates/mX_0_448_MeV_sigmaE_3_16em40_cm2.csv
Si,0.448,1e-39,2,1,JUNO,2024-08-08,10,Verne,rpa,composite,vector,qcdark2,9.211396040666878e-32,9.211408490340525e-32,9.211401342933234e-32,6.22483682345693e-38,6.757752259087565e-07,/home/ansh/Projects/SENSEI/DarkMatterRates/modulation_study/srdm_solar_reflection_rates/Si_qcdark2_rpa_composite_vector_FDM2_ne1/Verne_JUNO_2024-08-08_cadence10min/daily_rates/mX_0_448_MeV_sigmaE_1em39_cm2.csv
Si,0.448,3.16e-39,2,1,JUNO,2024-08-08,10,Verne,rpa,composite,vector,qcdark2,9.804169006591711e-31,9.804210932852073e-31,9.804186866877214e-31,2.0963130180841008e-36,2.1381814183554102e-06,/home/ansh/Projects/SENSEI/DarkMatterRates/modulation_study/srdm_solar_reflection_rates/Si_qcdark2_rpa_composite_vector_FDM2_ne1/Verne_JUNO_2024-08-08_cadence10min/daily_rates/mX_0_448_MeV_sigmaE_3_16em39_cm2.csv
Si,0.448,1e-38,2,1,JUNO,2024-08-08,10,Verne,rpa,composite,vector,qcdark2,1.1029914471647038e-29,1.1030063429438812e-29,1.1029977888203045e-29,7.447889588699429e-35,6.75240663597813e-06,/home/ansh/Projects/SENSEI/DarkMatterRates/modulation_study/srdm_solar_reflection_rates/Si_qcdark2_rpa_composite_vector_FDM2_ne1/Verne_JUNO_2024-08-08_cadence10min/daily_rates/mX_0_448_MeV_sigmaE_1em38_cm2.csv
Si,0.448,3.16e-38,2,1,JUNO,2024-08-08,10,Verne,rpa,composite,vector,qcdark2,1.049106974306683e-28,1.0491519725885238e-28,1.0491261404627073e-28,2.2499140920437032e-33,2.1445601298728476e-05,/home/ansh/Projects/SENSEI/DarkMatterRates/modulation_study/srdm_solar_reflection_rates/Si_qcdark2_rpa_composite_vector_FDM2_ne1/Verne_JUNO_2024-08-08_cadence10min/daily_rates/mX_0_448_MeV_sigmaE_3_16em38_cm2.csv
Si,0.448,1e-37,2,1,JUNO,2024-08-08,10,Verne,rpa,composite,vector,qcdark2,1.0344366830360405e-27,1.0345761878983557e-27,1.0344960730491256e-27,6.975243115761408e-32,6.742648229878946e-05,/home/ansh/Projects/SENSEI/DarkMatterRates/modulation_study/srdm_solar_reflection_rates/Si_qcdark2_rpa_composite_vector_FDM2_ne1/Verne_JUNO_2024-08-08_cadence10min/daily_rates/mX_0_448_MeV_sigmaE_1em37_cm2.csv
Si,0.448,3.16e-37,2,1,JUNO,2024-08-08,10,Verne,rpa,composite,vector,qcdark2,9.51146811418976e-27,9.515574507669836e-27,9.513218292841021e-27,2.053196740038307e-30,0.00021582567295690022,/home/ansh/Projects/SENSEI/DarkMatterRates/modulation_study/srdm_solar_reflection_rates/Si_qcdark2_rpa_composite_vector_FDM2_ne1/Verne_JUNO_2024-08-08_cadence10min/daily_rates/mX_0_448_MeV_sigmaE_3_16em37_cm2.csv
Si,0.448,1e-36,2,1,JUNO,2024-08-08,10,Verne,rpa,composite,vector,qcdark2,7.381982965949814e-26,7.39199342129955e-26,7.386247222346616e-26,5.005227674867877e-29,0.0006776415037564519,/home/ansh/Projects/SENSEI/DarkMatterRates/modulation_study/srdm_solar_reflection_rates/Si_qcdark2_rpa_composite_vector_FDM2_ne1/Verne_JUNO_2024-08-08_cadence10min/daily_rates/mX_0_448_MeV_sigmaE_1em36_cm2.csv
Si,0.448,3.16e-36,2,1,JUNO,2024-08-08,10,Verne,rpa,composite,vector,qcdark2,4.231296856987209e-25,4.249299605059168e-25,4.23896193643142e-25,9.001374035979856e-28,0.0021234854596400747,/home/ansh/Projects/SENSEI/DarkMatterRates/modulation_study/srdm_solar_reflection_rates/Si_qcdark2_rpa_composite_vector_FDM2_ne1/Verne_JUNO_2024-08-08_cadence10min/daily_rates/mX_0_448_MeV_sigmaE_3_16em36_cm2.csv
Si,0.448,1e-35,2,1,JUNO,2024-08-08,10,Verne,rpa,composite,vector,qcdark2,1.665589761526261e-24,1.6878737956511254e-24,1.6750815836098518e-24,1.1142017062432278e-26,0.006651626506704761,/home/ansh/Projects/SENSEI/DarkMatterRates/modulation_study/srdm_solar_reflection_rates/Si_qcdark2_rpa_composite_vector_FDM2_ne1/Verne_JUNO_2024-08-08_cadence10min/daily_rates/mX_0_448_MeV_sigmaE_1em35_cm2.csv
Si,0.448,3.16e-35,2,1,JUNO,2024-08-08,10,Verne,rpa,composite,vector,qcdark2,5.91804582311753e-24,6.165591406366929e-24,6.023831791142059e-24,1.237727916246992e-25,0.02054718589697424,/home/ansh/Projects/SENSEI/DarkMatterRates/modulation_study/srdm_solar_reflection_rates/Si_qcdark2_rpa_composite_vector_FDM2_ne1/Verne_JUNO_2024-08-08_cadence10min/daily_rates/mX_0_448_MeV_sigmaE_3_16em35_cm2.csv
Si,0.448,1e-34,2,1,JUNO,2024-08-08,10,Verne,rpa,composite,vector,qcdark2,2.014113096792591e-23,2.2726037741222863e-23,2.125678929131462e-23,1.2924533866484767e-24,0.060801909871523466,/home/ansh/Projects/SENSEI/DarkMatterRates/modulation_study/srdm_solar_reflection_rates/Si_qcdark2_rpa_composite_vector_FDM2_ne1/Verne_JUNO_2024-08-08_cadence10min/daily_rates/mX_0_448_MeV_sigmaE_1em34_cm2.csv
Si,0.448,3.16e-34,2,1,JUNO,2024-08-08,10,Verne,rpa,composite,vector,qcdark2,6.179299139018615e-23,8.548248991441974e-23,7.229785240488082e-23,1.1844749262116794e-23,0.16383265710002137,/home/ansh/Projects/SENSEI/DarkMatterRates/modulation_study/srdm_solar_reflection_rates/Si_qcdark2_rpa_composite_vector_FDM2_ne1/Verne_JUNO_2024-08-08_cadence10min/daily_rates/mX_0_448_MeV_sigmaE_3_16em34_cm2.csv
Si,0.448,1e-33,2,1,JUNO,2024-08-08,10,Verne,rpa,composite,vector,qcdark2,1.5891924371785583e-22,3.3810668619766817e-22,2.418887455202127e-22,8.959372123990617e-23,0.3703922687565451,/home/ansh/Projects/SENSEI/DarkMatterRates/modulation_study/srdm_solar_reflection_rates/Si_qcdark2_rpa_composite_vector_FDM2_ne1/Verne_JUNO_2024-08-08_cadence10min/daily_rates/mX_0_448_MeV_sigmaE_1em33_cm2.csv
Si,0.568,3.16e-41,2,1,JUNO,2024-08-08,10,Verne,rpa,composite,vector,qcdark2,4.03435957550488e-35,4.0343597889734206e-35,4.0343596661278004e-35,1.0673427039218658e-42,2.6456310102522587e-08,/home/ansh/Projects/SENSEI/DarkMatterRates/modulation_study/srdm_solar_reflection_rates/Si_qcdark2_rpa_composite_vector_FDM2_ne1/Verne_JUNO_2024-08-08_cadence10min/daily_rates/mX_0_568_MeV_sigmaE_3_16em41_cm2.csv
Si,0.568,1e-40,2,1,JUNO,2024-08-08,10,Verne,rpa,composite,vector,qcdark2,4.4866858052882086e-34,4.486686554944018e-34,4.486686123526446e-34,3.748279045724862e-41,8.354226131554728e-08,/home/ansh/Projects/SENSEI/DarkMatterRates/modulation_study/srdm_solar_reflection_rates/Si_qcdark2_rpa_composite_vector_FDM2_ne1/Verne_JUNO_2024-08-08_cadence10min/daily_rates/mX_0_568_MeV_sigmaE_1em40_cm2.csv
Si,0.568,3.16e-40,2,1,JUNO,2024-08-08,10,Verne,rpa,composite,vector,qcdark2,5.2631545109514166e-33,5.263157261110121e-33,5.2631556772918144e-33,1.3750793520630057e-39,2.612651869667971e-07,/home/ansh/Projects/SENSEI/DarkMatterRates/modulation_study/srdm_solar_reflection_rates/Si_qcdark2_rpa_composite_vector_FDM2_ne1/Verne_JUNO_2024-08-08_cadence10min/daily_rates/mX_0_568_MeV_sigmaE_3_16em40_cm2.csv
Si,0.568,1e-39,2,1,JUNO,2024-08-08,10,Verne,rpa,composite,vector,qcdark2,6.287905881430915e-32,6.287916310967782e-32,6.287910305185425e-32,5.214768433594589e-38,8.293325096088199e-07,/home/ansh/Projects/SENSEI/DarkMatterRates/modulation_study/srdm_solar_reflection_rates/Si_qcdark2_rpa_composite_vector_FDM2_ne1/Verne_JUNO_2024-08-08_cadence10min/daily_rates/mX_0_568_MeV_sigmaE_1em39_cm2.csv
Si,0.568,3.16e-39,2,1,JUNO,2024-08-08,10,Verne,rpa,composite,vector,qcdark2,7.286792735463981e-31,7.286830606165519e-31,7.286808785235514e-31,1.8935350768994203e-36,2.5985793407068524e-06,/home/ansh/Projects/SENSEI/DarkMatterRates/modulation_study/srdm_solar_reflection_rates/Si_qcdark2_rpa_composite_vector_FDM2_ne1/Verne_JUNO_2024-08-08_cadence10min/daily_rates/mX_0_568_MeV_sigmaE_3_16em39_cm2.csv
Si,0.568,1e-38,2,1,JUNO,2024-08-08,10,Verne,rpa,composite,vector,qcdark2,6.96973998939387e-30,6.969853446856185e-30,6.969788050987075e-30,5.672873115772521e-35,8.139233322839878e-06,/home/ansh/Projects/SENSEI/DarkMatterRates/modulation_study/srdm_solar_reflection_rates/Si_qcdark2_rpa_composite_vector_FDM2_ne1/Verne_JUNO_2024-08-08_cadence10min/daily_rates/mX_0_568_MeV_sigmaE_1em38_cm2.csv
Si,0.568,3.16e-38,2,1,JUNO,2024-08-08,10,Verne,rpa,composite,vector,qcdark2,6.722800868948094e-29,6.723151973518533e-29,6.7229497334257e-29,1.7555228521950704e-33,2.611238997469848e-05,/home/ansh/Projects/SENSEI/DarkMatterRates/modulation_study/srdm_solar_reflection_rates/Si_qcdark2_rpa_composite_vector_FDM2_ne1/Verne_JUNO_2024-08-08_cadence10min/daily_rates/mX_0_568_MeV_sigmaE_3_16em38_cm2.csv
Si,0.568,1e-37,2,1,JUNO,2024-08-08,10,Verne,rpa,composite,vector,qcdark2,6.883836683409464e-28,6.884969602299181e-28,6.884317002953492e-28,5.664594448584769e-32,8.228259166674862e-05,/home/ansh/Projects/SENSEI/DarkMatterRates/modulation_study/srdm_solar_reflection_rates/Si_qcdark2_rpa_composite_vector_FDM2_ne1/Verne_JUNO_2024-08-08_cadence10min/daily_rates/mX_0_568_MeV_sigmaE_1em37_cm2.csv
Si,0.568,3.16e-37,2,1,JUNO,2024-08-08,10,Verne,rpa,composite,vector,qcdark2,6.362374042122262e-27,6.365671248373671e-27,6.363771525706488e-27,1.6486031257046253e-30,0.0002590607030822971,/home/ansh/Projects/SENSEI/DarkMatterRates/modulation_study/srdm_solar_reflection_rates/Si_qcdark2_rpa_composite_vector_FDM2_ne1/Verne_JUNO_2024-08-08_cadence10min/daily_rates/mX_0_568_MeV_sigmaE_3_16em37_cm2.csv
Si,0.568,1e-36,2,1,JUNO,2024-08-08,10,Verne,rpa,composite,vector,qcdark2,5.222523942071637e-26,5.231099526238038e-26,5.226158641299839e-26,4.2877920832005014e-29,0.0008204481297823847,/home/ansh/Projects/SENSEI/DarkMatterRates/modulation_study/srdm_solar_reflection_rates/Si_qcdark2_rpa_composite_vector_FDM2_ne1/Verne_JUNO_2024-08-08_cadence10min/daily_rates/mX_0_568_MeV_sigmaE_1em36_cm2.csv
Si,0.568,3.16e-36,2,1,JUNO,2024-08-08,10,Verne,rpa,composite,vector,qcdark2,3.292014778063221e-25,3.3089619561398514e-25,3.2991938126727963e-25,8.473589038315165e-28,0.002568381707605836,/home/ansh/Projects/SENSEI/DarkMatterRates/modulation_study/srdm_solar_reflection_rates/Si_qcdark2_rpa_composite_vector_FDM2_ne1/Verne_JUNO_2024-08-08_cadence10min/daily_rates/mX_0_568_MeV_sigmaE_3_16em36_cm2.csv
Si,0.568,1e-35,2,1,JUNO,2024-08-08,10,Verne,rpa,composite,vector,qcdark2,1.376427437347152e-24,1.3983406870706601e-24,1.3857046757954398e-24,1.0956624861754051e-26,0.00790689751801883,/home/ansh/Projects/SENSEI/DarkMatterRates/modulation_study/srdm_solar_reflection_rates/Si_qcdark2_rpa_composite_vector_FDM2_ne1/Verne_JUNO_2024-08-08_cadence10min/daily_rates/mX_0_568_MeV_sigmaE_1em35_cm2.csv
Si,0.568,3.16e-35,2,1,JUNO,2024-08-08,10,Verne,rpa,composite,vector,qcdark2,4.8512810695917465e-24,5.0918813215378214e-24,4.953546113179173e-24,1.2030012597303745e-25,0.02428565783469191,/home/ansh/Projects/SENSEI/DarkMatterRates/modulation_study/srdm_solar_reflection_rates/Si_qcdark2_rpa_composite_vector_FDM2_ne1/Verne_JUNO_2024-08-08_cadence10min/daily_rates/mX_0_568_MeV_sigmaE_3_16em35_cm2.csv
Si,0.568,1e-34,2,1,JUNO,2024-08-08,10,Verne,rpa,composite,vector,qcdark2,1.6403534441216816e-23,1.8882965311678596e-23,1.7470192774724402e-23,1.2397154352308896e-24,0.07096174903258597,/home/ansh/Projects/SENSEI/DarkMatterRates/modulation_study/srdm_solar_reflection_rates/Si_qcdark2_rpa_composite_vector_FDM2_ne1/Verne_JUNO_2024-08-08_cadence10min/daily_rates/mX_0_568_MeV_sigmaE_1em34_cm2.csv
Si,0.568,3.16e-34,2,1,JUNO,2024-08-08,10,Verne,rpa,composite,vector,qcdark2,4.970026402398488e-23,7.202107382180891e-23,5.9606981996441e-23,1.1160404898912017e-23,0.18723318183729518,/home/ansh/Projects/SENSEI/DarkMatterRates/modulation_study/srdm_solar_reflection_rates/Si_qcdark2_rpa_composite_vector_FDM2_ne1/Verne_JUNO_2024-08-08_cadence10min/daily_rates/mX_0_568_MeV_sigmaE_3_16em34_cm2.csv
Si,0.568,1e-33,2,1,JUNO,2024-08-08,10,Verne,rpa,composite,vector,qcdark2,1.2162550248283508e-22,2.82898139602601e-22,1.9648007736134968e-22,8.063631855988297e-23,0.41040455420619265,/home/ansh/Projects/SENSEI/DarkMatterRates/modulation_study/srdm_solar_reflection_rates/Si_qcdark2_rpa_composite_vector_FDM2_ne1/Verne_JUNO_2024-08-08_cadence10min/daily_rates/mX_0_568_MeV_sigmaE_1em33_cm2.csv
Si,3.0,1e-33,2,1,JUNO,2024-08-08,10,Verne,rpa,composite,vector,qcdark2,1.7714195274921905e-23,1.2044805314627134e-22,6.902280111444484e-23,5.136692893567472e-23,0.744202323091823,/home/ansh/Projects/SENSEI/DarkMatterRates/modulation_study/srdm_solar_reflection_rates/Si_qcdark2_rpa_composite_vector_FDM2_ne1/Verne_JUNO_2024-08-08_cadence10min/daily_rates/mX_3_MeV_sigmaE_1em33_cm2.csv
Si,0.721,1e-40,2,1,JUNO,2024-08-08,10,Verne,rpa,composite,vector,qcdark2,9.50736457575989e-33,9.507366521578765e-33,9.507365396748961e-33,9.729094375814657e-40,1.0233218110183832e-07,/home/ansh/Projects/SENSEI/DarkMatterRates/modulation_study/srdm_solar_reflection_rates/Si_qcdark2_rpa_composite_vector_FDM2_ne1/Verne_JUNO_2024-08-08_cadence10min/daily_rates/mX_0_721_MeV_sigmaE_1em40_cm2.csv
Si,0.721,3.16e-40,2,1,JUNO,2024-08-08,10,Verne,rpa,composite,vector,qcdark2,1.1857746381521498e-31,1.185775405415438e-31,1.1857749617744089e-31,3.836316441108818e-38,3.2352820432032947e-07,/home/ansh/Projects/SENSEI/DarkMatterRates/modulation_study/srdm_solar_reflection_rates/Si_qcdark2_rpa_composite_vector_FDM2_ne1/Verne_JUNO_2024-08-08_cadence10min/daily_rates/mX_0_721_MeV_sigmaE_3_16em40_cm2.csv
Si,0.721,1e-39,2,1,JUNO,2024-08-08,10,Verne,rpa,composite,vector,qcdark2,1.5282405699761447e-30,1.5282437181418266e-30,1.5282418982996867e-30,1.5740828409507497e-36,1.0299958682601659e-06,/home/ansh/Projects/SENSEI/DarkMatterRates/modulation_study/srdm_solar_reflection_rates/Si_qcdark2_rpa_composite_vector_FDM2_ne1/Verne_JUNO_2024-08-08_cadence10min/daily_rates/mX_0_721_MeV_sigmaE_1em39_cm2.csv
Si,0.721,3.16e-39,2,1,JUNO,2024-08-08,10,Verne,rpa,composite,vector,qcdark2,1.6307545979241197e-29,1.6307652353668778e-29,1.63075908682234e-29,5.318721379053522e-35,3.2615003785859388e-06,/home/ansh/Projects/SENSEI/DarkMatterRates/modulation_study/srdm_solar_reflection_rates/Si_qcdark2_rpa_composite_vector_FDM2_ne1/Verne_JUNO_2024-08-08_cadence10min/daily_rates/mX_0_721_MeV_sigmaE_3_16em39_cm2.csv
Si,0.721,1e-38,2,1,JUNO,2024-08-08,10,Verne,rpa,composite,vector,qcdark2,1.680678734238016e-28,1.6807133307852502e-28,1.6806933335410077e-28,1.7298273617126377e-33,1.0292343803542736e-05,/home/ansh/Projects/SENSEI/DarkMatterRates/modulation_study/srdm_solar_reflection_rates/Si_qcdark2_rpa_composite_vector_FDM2_ne1/Verne_JUNO_2024-08-08_cadence10min/daily_rates/mX_0_721_MeV_sigmaE_1em38_cm2.csv
Si,0.721,3.16e-38,2,1,JUNO,2024-08-08,10,Verne,rpa,composite,vector,qcdark2,1.6484553461070656e-27,1.6485620361723517e-27,1.648500348615749e-27,5.334503264305194e-32,3.2359733916857185e-05,/home/ansh/Projects/SENSEI/DarkMatterRates/modulation_study/srdm_solar_reflection_rates/Si_qcdark2_rpa_composite_vector_FDM2_ne1/Verne_JUNO_2024-08-08_cadence10min/daily_rates/mX_0_721_MeV_sigmaE_3_16em38_cm2.csv
Si,0.721,1e-37,2,1,JUNO,2024-08-08,10,Verne,rpa,composite,vector,qcdark2,1.6708780732735608e-26,1.6712208155360252e-26,1.671022638756793e-26,1.713711312322159e-30,0.0001025546436400841,/home/ansh/Projects/SENSEI/DarkMatterRates/modulation_study/srdm_solar_reflection_rates/Si_qcdark2_rpa_composite_vector_FDM2_ne1/Verne_JUNO_2024-08-08_cadence10min/daily_rates/mX_0_721_MeV_sigmaE_1em37_cm2.csv
Si,0.721,3.16e-37,2,1,JUNO,2024-08-08,10,Verne,rpa,composite,vector,qcdark2,1.5347625275321543e-25,1.5357547694697e-25,1.5351809968987618e-25,4.961209687728224e-29,0.00032316773707793576,/home/ansh/Projects/SENSEI/DarkMatterRates/modulation_study/srdm_solar_reflection_rates/Si_qcdark2_rpa_composite_vector_FDM2_ne1/Verne_JUNO_2024-08-08_cadence10min/daily_rates/mX_0_721_MeV_sigmaE_3_16em37_cm2.csv
Si,0.721,1e-36,2,1,JUNO,2024-08-08,10,Verne,rpa,composite,vector,qcdark2,1.3599019879943616e-24,1.3626705073989532e-24,1.3610692509322547e-24,1.384259702295834e-27,0.0010170384066407311,/home/ansh/Projects/SENSEI/DarkMatterRates/modulation_study/srdm_solar_reflection_rates/Si_qcdark2_rpa_composite_vector_FDM2_ne1/Verne_JUNO_2024-08-08_cadence10min/daily_rates/mX_0_721_MeV_sigmaE_1em36_cm2.csv
Si,0.721,3.16e-36,2,1,JUNO,2024-08-08,10,Verne,rpa,composite,vector,qcdark2,8.93514387544261e-24,8.991261491397787e-24,8.958763062514994e-24,2.8058807977587985e-26,0.003131995765686768,/home/ansh/Projects/SENSEI/DarkMatterRates/modulation_study/srdm_solar_reflection_rates/Si_qcdark2_rpa_composite_vector_FDM2_ne1/Verne_JUNO_2024-08-08_cadence10min/daily_rates/mX_0_721_MeV_sigmaE_3_16em36_cm2.csv
Si,0.721,1e-35,2,1,JUNO,2024-08-08,10,Verne,rpa,composite,vector,qcdark2,3.899187961415396e-23,3.974605917164831e-23,3.930922355748599e-23,3.7708977874717586e-25,0.009592908346198139,/home/ansh/Projects/SENSEI/DarkMatterRates/modulation_study/srdm_solar_reflection_rates/Si_qcdark2_rpa_composite_vector_FDM2_ne1/Verne_JUNO_2024-08-08_cadence10min/daily_rates/mX_0_721_MeV_sigmaE_1em35_cm2.csv
Si,0.721,3.16e-35,2,1,JUNO,2024-08-08,10,Verne,rpa,composite,vector,qcdark2,1.357350702734455e-22,1.438548233944148e-22,1.3916762184045259e-22,4.05987656048464e-24,0.02917256547747182,/home/ansh/Projects/SENSEI/DarkMatterRates/modulation_study/srdm_solar_reflection_rates/Si_qcdark2_rpa_composite_vector_FDM2_ne1/Verne_JUNO_2024-08-08_cadence10min/daily_rates/mX_0_721_MeV_sigmaE_3_16em35_cm2.csv
Si,0.721,1e-34,2,1,JUNO,2024-08-08,10,Verne,rpa,composite,vector,qcdark2,4.535926984289264e-22,5.365871668402219e-22,4.892354718178654e-22,4.149723420564772e-23,0.08482057535905019,/home/ansh/Projects/SENSEI/DarkMatterRates/modulation_study/srdm_solar_reflection_rates/Si_qcdark2_rpa_composite_vector_FDM2_ne1/Verne_JUNO_2024-08-08_cadence10min/daily_rates/mX_0_721_MeV_sigmaE_1em34_cm2.csv
Si,0.721,3.16e-34,2,1,JUNO,2024-08-08,10,Verne,rpa,composite,vector,qcdark2,1.3523787367937437e-21,2.0727733328837626e-21,1.6726519277801789e-21,3.6019729804500943e-22,0.21534504104690622,/home/ansh/Projects/SENSEI/DarkMatterRates/modulation_study/srdm_solar_reflection_rates/Si_qcdark2_rpa_composite_vector_FDM2_ne1/Verne_JUNO_2024-08-08_cadence10min/daily_rates/mX_0_721_MeV_sigmaE_3_16em34_cm2.csv
Si,0.721,1e-33,2,1,JUNO,2024-08-08,10,Verne,rpa,composite,vector,qcdark2,3.244893096538698e-21,8.407894456330934e-21,5.648874880272003e-21,2.581500679896118e-21,0.4569937792234857,/home/ansh/Projects/SENSEI/DarkMatterRates/modulation_study/srdm_solar_reflection_rates/Si_qcdark2_rpa_composite_vector_FDM2_ne1/Verne_JUNO_2024-08-08_cadence10min/daily_rates/mX_0_721_MeV_sigmaE_1em33_cm2.csv
Si,0.721,3.16e-41,2,1,JUNO,2024-08-08,10,Verne,rpa,composite,vector,qcdark2,8.382759007271976e-34,8.382759556937493e-34,8.38275923930308e-34,2.7483275830162963e-41,3.278547676915966e-08,/home/ansh/Projects/SENSEI/DarkMatterRates/modulation_study/srdm_solar_reflection_rates/Si_qcdark2_rpa_composite_vector_FDM2_ne1/Verne_JUNO_2024-08-08_cadence10min/daily_rates/mX_0_721_MeV_sigmaE_3_16em41_cm2.csv
Si,0.914,1e-40,2,1,JUNO,2024-08-08,10,Verne,rpa,composite,vector,qcdark2,6.704649353955825e-33,6.704651112670414e-33,6.704650091999927e-33,8.793572946979998e-40,1.3115632920907535e-07,/home/ansh/Projects/SENSEI/DarkMatterRates/modulation_study/srdm_solar_reflection_rates/Si_qcdark2_rpa_composite_vector_FDM2_ne1/Verne_JUNO_2024-08-08_cadence10min/daily_rates/mX_0_914_MeV_sigmaE_1em40_cm2.csv
Si,0.914,3.16e-40,2,1,JUNO,2024-08-08,10,Verne,rpa,composite,vector,qcdark2,8.485743982787643e-32,8.485750992791013e-32,8.485746923164518e-32,3.505001685085478e-38,4.1304574798447885e-07,/home/ansh/Projects/SENSEI/DarkMatterRates/modulation_study/srdm_solar_reflection_rates/Si_qcdark2_rpa_composite_vector_FDM2_ne1/Verne_JUNO_2024-08-08_cadence10min/daily_rates/mX_0_914_MeV_sigmaE_3_16em40_cm2.csv
Si,0.914,1e-39,2,1,JUNO,2024-08-08,10,Verne,rpa,composite,vector,qcdark2,1.0784291564029115e-30,1.0784319243366013e-30,1.0784303160615778e-30,1.3839668448719236e-36,1.2833159679024637e-06,/home/ansh/Projects/SENSEI/DarkMatterRates/modulation_study/srdm_solar_reflection_rates/Si_qcdark2_rpa_composite_vector_FDM2_ne1/Verne_JUNO_2024-08-08_cadence10min/daily_rates/mX_0_914_MeV_sigmaE_1em39_cm2.csv
Si,0.914,3.16e-39,2,1,JUNO,2024-08-08,10,Verne,rpa,composite,vector,qcdark2,1.0844285974154268e-29,1.0844375595553529e-29,1.0844323566151939e-29,4.4810699630380235e-35,4.13218024683868e-06,/home/ansh/Projects/SENSEI/DarkMatterRates/modulation_study/srdm_solar_reflection_rates/Si_qcdark2_rpa_composite_vector_FDM2_ne1/Verne_JUNO_2024-08-08_cadence10min/daily_rates/mX_0_914_MeV_sigmaE_3_16em39_cm2.csv
Si,0.914,1e-38,2,1,JUNO,2024-08-08,10,Verne,rpa,composite,vector,qcdark2,1.1208911626348283e-28,1.1209200608088486e-28,1.1209032752402348e-28,1.444908701016104e-33,1.2890574351354513e-05,/home/ansh/Projects/SENSEI/DarkMatterRates/modulation_study/srdm_solar_reflection_rates/Si_qcdark2_rpa_composite_vector_FDM2_ne1/Verne_JUNO_2024-08-08_cadence10min/daily_rates/mX_0_914_MeV_sigmaE_1em38_cm2.csv
Si,0.914,3.16e-38,2,1,JUNO,2024-08-08,10,Verne,rpa,composite,vector,qcdark2,1.1833053200757414e-27,1.183401878539069e-27,1.1833457852475737e-27,4.827923166383428e-32,4.0798921385209094e-05,/home/ansh/Projects/SENSEI/DarkMatterRates/modulation_study/srdm_solar_reflection_rates/Si_qcdark2_rpa_composite_vector_FDM2_ne1/Verne_JUNO_2024-08-08_cadence10min/daily_rates/mX_0_914_MeV_sigmaE_3_16em38_cm2.csv
Si,0.914,1e-37,2,1,JUNO,2024-08-08,10,Verne,rpa,composite,vector,qcdark2,1.1675147492171963e-26,1.1678163358933401e-26,1.1676411700459136e-26,1.5079333807191215e-30,0.0001291435604878361,/home/ansh/Projects/SENSEI/DarkMatterRates/modulation_study/srdm_solar_reflection_rates/Si_qcdark2_rpa_composite_vector_FDM2_ne1/Verne_JUNO_2024-08-08_cadence10min/daily_rates/mX_0_914_MeV_sigmaE_1em37_cm2.csv
Si,0.914,3.16e-37,2,1,JUNO,2024-08-08,10,Verne,rpa,composite,vector,qcdark2,1.1161731023727672e-25,1.117083920311614e-25,1.1165548477058282e-25,4.5540896942340597e-29,0.00040786977044533843,/home/ansh/Projects/SENSEI/DarkMatterRates/modulation_study/srdm_solar_reflection_rates/Si_qcdark2_rpa_composite_vector_FDM2_ne1/Verne_JUNO_2024-08-08_cadence10min/daily_rates/mX_0_914_MeV_sigmaE_3_16em37_cm2.csv
Si,0.914,1e-36,2,1,JUNO,2024-08-08,10,Verne,rpa,composite,vector,qcdark2,9.322374607410239e-25,9.346131702124144e-25,9.332324446285674e-25,1.1878547356952487e-27,0.0012728390901240287,/home/ansh/Projects/SENSEI/DarkMatterRates/modulation_study/srdm_solar_reflection_rates/Si_qcdark2_rpa_composite_vector_FDM2_ne1/Verne_JUNO_2024-08-08_cadence10min/daily_rates/mX_0_914_MeV_sigmaE_1em36_cm2.csv
Si,0.914,3.16e-36,2,1,JUNO,2024-08-08,10,Verne,rpa,composite,vector,qcdark2,6.502689021048403e-24,6.5538975003366585e-24,6.5241069468182116e-24,2.5604239644127844e-26,0.003924558541551033,/home/ansh/Projects/SENSEI/DarkMatterRates/modulation_study/srdm_solar_reflection_rates/Si_qcdark2_rpa_composite_vector_FDM2_ne1/Verne_JUNO_2024-08-08_cadence10min/daily_rates/mX_0_914_MeV_sigmaE_3_16em36_cm2.csv
Si,0.914,1e-35,2,1,JUNO,2024-08-08,10,Verne,rpa,composite,vector,qcdark2,2.9803938896820226e-23,3.0516656824763423e-23,3.010184763876999e-23,3.563589639715986e-25,0.01183844155508323,/home/ansh/Projects/SENSEI/DarkMatterRates/modulation_study/srdm_solar_reflection_rates/Si_qcdark2_rpa_composite_vector_FDM2_ne1/Verne_JUNO_2024-08-08_cadence10min/daily_rates/mX_0_914_MeV_sigmaE_1em35_cm2.csv
Si,0.914,3.16e-35,2,1,JUNO,2024-08-08,10,Verne,rpa,composite,vector,qcdark2,1.0660624707900024e-22,1.1443354453077175e-22,1.0989779803265953e-22,3.9136487258857556e-24,0.035611711935508425,/home/ansh/Projects/SENSEI/DarkMatterRates/modulation_study/srdm_solar_reflection_rates/Si_qcdark2_rpa_composite_vector_FDM2_ne1/Verne_JUNO_2024-08-08_cadence10min/daily_rates/mX_0_914_MeV_sigmaE_3_16em35_cm2.csv
Si,0.914,1e-34,2,1,JUNO,2024-08-08,10,Verne,rpa,composite,vector,qcdark2,3.482823525508327e-22,4.2537397472527e-22,3.813171069102903e-22,3.8545811087218666e-23,0.10108597382253573,/home/ansh/Projects/SENSEI/DarkMatterRates/modulation_study/srdm_solar_reflection_rates/Si_qcdark2_rpa_composite_vector_FDM2_ne1/Verne_JUNO_2024-08-08_cadence10min/daily_rates/mX_0_914_MeV_sigmaE_1em34_cm2.csv
Si,0.914,3.16e-34,2,1,JUNO,2024-08-08,10,Verne,rpa,composite,vector,qcdark2,1.0323004721688552e-21,1.6921711867460266e-21,1.3264084999015492e-21,3.299353572885857e-22,0.24874339791480127,/home/ansh/Projects/SENSEI/DarkMatterRates/modulation_study/srdm_solar_reflection_rates/Si_qcdark2_rpa_composite_vector_FDM2_ne1/Verne_JUNO_2024-08-08_cadence10min/daily_rates/mX_0_914_MeV_sigmaE_3_16em34_cm2.csv
Si,0.914,1e-33,2,1,JUNO,2024-08-08,10,Verne,rpa,composite,vector,qcdark2,2.3594443017007667e-21,6.884491856958638e-21,4.474061607302485e-21,2.2625237776289358e-21,0.5056979488025118,/home/ansh/Projects/SENSEI/DarkMatterRates/modulation_study/srdm_solar_reflection_rates/Si_qcdark2_rpa_composite_vector_FDM2_ne1/Verne_JUNO_2024-08-08_cadence10min/daily_rates/mX_0_914_MeV_sigmaE_1em33_cm2.csv
Si,0.026,1e-42,2,1,JUNO,2024-08-08,10,Verne,rpa,composite,vector,qcdark2,5.214973591732038e-33,5.2149735946590425e-33,5.2149735930203594e-33,1.46350229473997e-42,2.806346510936698e-10,/home/ansh/Projects/SENSEI/DarkMatterRates/modulation_study/srdm_solar_reflection_rates/Si_qcdark2_rpa_composite_vector_FDM2_ne1/Verne_JUNO_2024-08-08_cadence10min/daily_rates/mX_0_026_MeV_sigmaE_1em42_cm2.csv
Si,0.033,1e-42,2,1,JUNO,2024-08-08,10,Verne,rpa,composite,vector,qcdark2,2.1844403418961975e-33,2.1844403431398304e-33,2.184440342442759e-33,6.2181644329847516e-43,2.846570955575406e-10,/home/ansh/Projects/SENSEI/DarkMatterRates/modulation_study/srdm_solar_reflection_rates/Si_qcdark2_rpa_composite_vector_FDM2_ne1/Verne_JUNO_2024-08-08_cadence10min/daily_rates/mX_0_033_MeV_sigmaE_1em42_cm2.csv
Si,0.042,1e-42,2,1,JUNO,2024-08-08,10,Verne,rpa,composite,vector,qcdark2,9.39306941347167e-34,9.393069418937759e-34,9.393069415870804e-34,2.7330443209730238e-43,2.9096392243787666e-10,/home/ansh/Projects/SENSEI/DarkMatterRates/modulation_study/srdm_solar_reflection_rates/Si_qcdark2_rpa_composite_vector_FDM2_ne1/Verne_JUNO_2024-08-08_cadence10min/daily_rates/mX_0_042_MeV_sigmaE_1em42_cm2.csv
Si,0.053,1e-42,2,1,JUNO,2024-08-08,10,Verne,rpa,composite,vector,qcdark2,4.2479923773033375e-34,4.247992379840347e-34,4.247992378414862e-34,1.2685048224685964e-43,2.9861278210248083e-10,/home/ansh/Projects/SENSEI/DarkMatterRates/modulation_study/srdm_solar_reflection_rates/Si_qcdark2_rpa_composite_vector_FDM2_ne1/Verne_JUNO_2024-08-08_cadence10min/daily_rates/mX_0_053_MeV_sigmaE_1em42_cm2.csv
Si,0.067,1e-42,2,1,JUNO,2024-08-08,10,Verne,rpa,composite,vector,qcdark2,1.798087645372159e-34,1.7980876464816053e-34,1.7980876458572111e-34,5.547231212690325e-44,3.0850727579776934e-10,/home/ansh/Projects/SENSEI/DarkMatterRates/modulation_study/srdm_solar_reflection_rates/Si_qcdark2_rpa_composite_vector_FDM2_ne1/Verne_JUNO_2024-08-08_cadence10min/daily_rates/mX_0_067_MeV_sigmaE_1em42_cm2.csv
Si,0.067,3.16e-42,2,1,JUNO,2024-08-08,10,Verne,rpa,composite,vector,qcdark2,1.8472165361102806e-33,1.8472165397104592e-33,1.8472165376841084e-33,1.800089327853654e-42,9.744874469944176e-10,/home/ansh/Projects/SENSEI/DarkMatterRates/modulation_study/srdm_solar_reflection_rates/Si_qcdark2_rpa_composite_vector_FDM2_ne1/Verne_JUNO_2024-08-08_cadence10min/daily_rates/mX_0_067_MeV_sigmaE_3_16em42_cm2.csv
Si,0.085,1e-42,2,1,JUNO,2024-08-08,10,Verne,rpa,composite,vector,qcdark2,8.205182674126385e-35,8.205182679419334e-35,8.205182676435507e-35,2.646474327297845e-44,3.225369174166303e-10,/home/ansh/Projects/SENSEI/DarkMatterRates/modulation_study/srdm_solar_reflection_rates/Si_qcdark2_rpa_composite_vector_FDM2_ne1/Verne_JUNO_2024-08-08_cadence10min/daily_rates/mX_0_085_MeV_sigmaE_1em42_cm2.csv
Si,0.085,3.16e-42,2,1,JUNO,2024-08-08,10,Verne,rpa,composite,vector,qcdark2,8.027437519342953e-34,8.02743753566591e-34,8.02743752646213e-34,8.161478198398585e-43,1.0166978156472218e-09,/home/ansh/Projects/SENSEI/DarkMatterRates/modulation_study/srdm_solar_reflection_rates/Si_qcdark2_rpa_composite_vector_FDM2_ne1/Verne_JUNO_2024-08-08_cadence10min/daily_rates/mX_0_085_MeV_sigmaE_3_16em42_cm2.csv
Si,0.108,3.16e-42,2,1,JUNO,2024-08-08,10,Verne,rpa,composite,vector,qcdark2,3.698529055669007e-34,3.69852906362086e-34,3.698529059128552e-34,3.975926524182439e-43,1.075002105058287e-09,/home/ansh/Projects/SENSEI/DarkMatterRates/modulation_study/srdm_solar_reflection_rates/Si_qcdark2_rpa_composite_vector_FDM2_ne1/Verne_JUNO_2024-08-08_cadence10min/daily_rates/mX_0_108_MeV_sigmaE_3_16em42_cm2.csv
Si,0.137,3.16e-42,2,1,JUNO,2024-08-08,10,Verne,rpa,composite,vector,qcdark2,1.5417660132090628e-34,1.5417660167368999e-34,1.5417660147388156e-34,1.7639185464465643e-43,1.1440896540616655e-09,/home/ansh/Projects/SENSEI/DarkMatterRates/modulation_study/srdm_solar_reflection_rates/Si_qcdark2_rpa_composite_vector_FDM2_ne1/Verne_JUNO_2024-08-08_cadence10min/daily_rates/mX_0_137_MeV_sigmaE_3_16em42_cm2.csv
Si,0.173,3.16e-42,2,1,JUNO,2024-08-08,10,Verne,rpa,composite,vector,qcdark2,6.90527318352724e-35,6.905273200786381e-35,6.905273190992043e-35,8.629570386957049e-44,1.2497073103804725e-09,/home/ansh/Projects/SENSEI/DarkMatterRates/modulation_study/srdm_solar_reflection_rates/Si_qcdark2_rpa_composite_vector_FDM2_ne1/Verne_JUNO_2024-08-08_cadence10min/daily_rates/mX_0_173_MeV_sigmaE_3_16em42_cm2.csv
Si,0.22,3.16e-42,2,1,JUNO,2024-08-08,10,Verne,rpa,composite,vector,qcdark2,3.3882965830460915e-35,3.3882965923785685e-35,3.388296587065723e-35,4.6662385180968005e-44,1.3771635387260416e-09,/home/ansh/Projects/SENSEI/DarkMatterRates/modulation_study/srdm_solar_reflection_rates/Si_qcdark2_rpa_composite_vector_FDM2_ne1/Verne_JUNO_2024-08-08_cadence10min/daily_rates/mX_0_22_MeV_sigmaE_3_16em42_cm2.csv
Si,0.22,1e-41,2,1,JUNO,2024-08-08,10,Verne,rpa,composite,vector,qcdark2,3.487003378718695e-34,3.4870034090985018e-34,3.4870033918079425e-34,1.5189903441054864e-42,4.356148169153113e-09,/home/ansh/Projects/SENSEI/DarkMatterRates/modulation_study/srdm_solar_reflection_rates/Si_qcdark2_rpa_composite_vector_FDM2_ne1/Verne_JUNO_2024-08-08_cadence10min/daily_rates/mX_0_22_MeV_sigmaE_1em41_cm2.csv
Si,0.279,3.16e-42,2,1,JUNO,2024-08-08,10,Verne,rpa,composite,vector,qcdark2,1.8253440538595251e-35,1.8253440595737582e-35,1.82534405631386e-35,2.857116517759037e-44,1.5652482105366814e-09,/home/ansh/Projects/SENSEI/DarkMatterRates/modulation_study/srdm_solar_reflection_rates/Si_qcdark2_rpa_composite_vector_FDM2_ne1/Verne_JUNO_2024-08-08_cadence10min/daily_rates/mX_0_279_MeV_sigmaE_3_16em42_cm2.csv
Si,0.279,1e-41,2,1,JUNO,2024-08-08,10,Verne,rpa,composite,vector,qcdark2,1.7620609771051578e-34,1.7620609944989144e-34,1.762060984573231e-34,8.696878299919535e-43,4.935628435145171e-09,/home/ansh/Projects/SENSEI/DarkMatterRates/modulation_study/srdm_solar_reflection_rates/Si_qcdark2_rpa_composite_vector_FDM2_ne1/Verne_JUNO_2024-08-08_cadence10min/daily_rates/mX_0_279_MeV_sigmaE_1em41_cm2.csv
Si,0.353,1e-41,2,1,JUNO,2024-08-08,10,Verne,rpa,composite,vector,qcdark2,1.0615179191995035e-34,1.061517931379897e-34,1.0615179244095306e-34,6.0901967350890734e-43,5.737252848063536e-09,/home/ansh/Projects/SENSEI/DarkMatterRates/modulation_study/srdm_solar_reflection_rates/Si_qcdark2_rpa_composite_vector_FDM2_ne1/Verne_JUNO_2024-08-08_cadence10min/daily_rates/mX_0_353_MeV_sigmaE_1em41_cm2.csv
Si,0.448,1e-41,2,1,JUNO,2024-08-08,10,Verne,rpa,composite,vector,qcdark2,5.878772189164253e-35,5.878772269821376e-35,5.878772223547322e-35,4.0328561452309315e-43,6.860031298843992e-09,/home/ansh/Projects/SENSEI/DarkMatterRates/modulation_study/srdm_solar_reflection_rates/Si_qcdark2_rpa_composite_vector_FDM2_ne1/Verne_JUNO_2024-08-08_cadence10min/daily_rates/mX_0_448_MeV_sigmaE_1em41_cm2.csv
Si,0.568,1e-41,2,1,JUNO,2024-08-08,10,Verne,rpa,composite,vector,qcdark2,4.015677693220354e-35,4.015677760584409e-35,4.0156777218270086e-35,3.368202745988749e-43,8.38763212416439e-09,/home/ansh/Projects/SENSEI/DarkMatterRates/modulation_study/srdm_solar_reflection_rates/Si_qcdark2_rpa_composite_vector_FDM2_ne1/Verne_JUNO_2024-08-08_cadence10min/daily_rates/mX_0_568_MeV_sigmaE_1em41_cm2.csv
Si,0.721,1e-41,2,1,JUNO,2024-08-08,10,Verne,rpa,composite,vector,qcdark2,3.088179603100804e-35,3.0881796675837114e-35,3.08817963033348e-35,3.2241453787253752e-43,1.0440277978186174e-08,/home/ansh/Projects/SENSEI/DarkMatterRates/modulation_study/srdm_solar_reflection_rates/Si_qcdark2_rpa_composite_vector_FDM2_ne1/Verne_JUNO_2024-08-08_cadence10min/daily_rates/mX_0_721_MeV_sigmaE_1em41_cm2.csv
Si,0.914,1e-41,2,1,JUNO,2024-08-08,10,Verne,rpa,composite,vector,qcdark2,2.0410265407287208e-35,2.041026594629298e-35,2.04102656335925e-35,2.695028853491087e-43,1.3204281129273688e-08,/home/ansh/Projects/SENSEI/DarkMatterRates/modulation_study/srdm_solar_reflection_rates/Si_qcdark2_rpa_composite_vector_FDM2_ne1/Verne_JUNO_2024-08-08_cadence10min/daily_rates/mX_0_914_MeV_sigmaE_1em41_cm2.csv
Si,0.914,3.16e-41,2,1,JUNO,2024-08-08,10,Verne,rpa,composite,vector,qcdark2,2.10018965052237e-34,2.100189825941177e-34,2.1001897241699034e-34,8.770940353450778e-42,4.1762609599080284e-08,/home/ansh/Projects/SENSEI/DarkMatterRates/modulation_study/srdm_solar_reflection_rates/Si_qcdark2_rpa_composite_vector_FDM2_ne1/Verne_JUNO_2024-08-08_cadence10min/daily_rates/mX_0_914_MeV_sigmaE_3_16em41_cm2.csv
Si,1.159,1e-41,2,1,JUNO,2024-08-08,10,Verne,rpa,composite,vector,qcdark2,1.702505679662916e-35,1.7025057368530297e-35,1.7025057034984186e-35,2.8595056887695646e-43,1.679586554625731e-08,/home/ansh/Projects/SENSEI/DarkMatterRates/modulation_study/srdm_solar_reflection_rates/Si_qcdark2_rpa_composite_vector_FDM2_ne1/Verne_JUNO_2024-08-08_cadence10min/daily_rates/mX_1_159_MeV_sigmaE_1em41_cm2.csv
Si,1.159,3.16e-41,2,1,JUNO,2024-08-08,10,Verne,rpa,composite,vector,qcdark2,1.7207142810419734e-34,1.7207144667926005e-34,1.7207143585631958e-34,9.287531354422102e-42,5.39748582221237e-08,/home/ansh/Projects/SENSEI/DarkMatterRates/modulation_study/srdm_solar_reflection_rates/Si_qcdark2_rpa_composite_vector_FDM2_ne1/Verne_JUNO_2024-08-08_cadence10min/daily_rates/mX_1_159_MeV_sigmaE_3_16em41_cm2.csv
Si,1.159,1e-40,2,1,JUNO,2024-08-08,10,Verne,rpa,composite,vector,qcdark2,1.7888517343460056e-33,1.7888523403930173e-33,1.788851987044769e-33,3.030235058845361e-40,1.6939551627473604e-07,/home/ansh/Projects/SENSEI/DarkMatterRates/modulation_study/srdm_solar_reflection_rates/Si_qcdark2_rpa_composite_vector_FDM2_ne1/Verne_JUNO_2024-08-08_cadence10min/daily_rates/mX_1_159_MeV_sigmaE_1em40_cm2.csv
Si,1.159,3.16e-40,2,1,JUNO,2024-08-08,10,Verne,rpa,composite,vector,qcdark2,2.053212797674381e-32,2.053214966413956e-32,2.0532137010491546e-32,1.0843697875660873e-38,5.28132939601949e-07,/home/ansh/Projects/SENSEI/DarkMatterRates/modulation_study/srdm_solar_reflection_rates/Si_qcdark2_rpa_composite_vector_FDM2_ne1/Verne_JUNO_2024-08-08_cadence10min/daily_rates/mX_1_159_MeV_sigmaE_3_16em40_cm2.csv
Si,1.159,1e-39,2,1,JUNO,2024-08-08,10,Verne,rpa,composite,vector,qcdark2,2.436218947205792e-31,2.436227037109872e-31,2.4362223166560346e-31,4.044952040037649e-37,1.6603378157990774e-06,/home/ansh/Projects/SENSEI/DarkMatterRates/modulation_study/srdm_solar_reflection_rates/Si_qcdark2_rpa_composite_vector_FDM2_ne1/Verne_JUNO_2024-08-08_cadence10min/daily_rates/mX_1_159_MeV_sigmaE_1em39_cm2.csv
Si,1.159,3.16e-39,2,1,JUNO,2024-08-08,10,Verne,rpa,composite,vector,qcdark2,2.7878956318746088e-30,2.7879251548267448e-30,2.7879079311702466e-30,1.4761476068008937e-35,5.294821935462083e-06,/home/ansh/Projects/SENSEI/DarkMatterRates/modulation_study/srdm_solar_reflection_rates/Si_qcdark2_rpa_composite_vector_FDM2_ne1/Verne_JUNO_2024-08-08_cadence10min/daily_rates/mX_1_159_MeV_sigmaE_3_16em39_cm2.csv
Si,1.159,1e-38,2,1,JUNO,2024-08-08,10,Verne,rpa,composite,vector,qcdark2,2.7477118355428157e-29,2.7478030141689484e-29,2.747749812931121e-29,4.558931306635161e-34,1.6591508022966577e-05,/home/ansh/Projects/SENSEI/DarkMatterRates/modulation_study/srdm_solar_reflection_rates/Si_qcdark2_rpa_composite_vector_FDM2_ne1/Verne_JUNO_2024-08-08_cadence10min/daily_rates/mX_1_159_MeV_sigmaE_1em38_cm2.csv
Si,1.159,3.16e-38,2,1,JUNO,2024-08-08,10,Verne,rpa,composite,vector,qcdark2,2.8559721335527195e-28,2.8562709168518112e-28,2.856096545964762e-28,1.4939164954584175e-32,5.230623234950158e-05,/home/ansh/Projects/SENSEI/DarkMatterRates/modulation_study/srdm_solar_reflection_rates/Si_qcdark2_rpa_composite_vector_FDM2_ne1/Verne_JUNO_2024-08-08_cadence10min/daily_rates/mX_1_159_MeV_sigmaE_3_16em38_cm2.csv
Si,1.159,1e-37,2,1,JUNO,2024-08-08,10,Verne,rpa,composite,vector,qcdark2,2.7950161421139116e-27,2.7959406884376313e-27,2.7954011421976056e-27,4.622731618598671e-31,0.0001653691682677252,/home/ansh/Projects/SENSEI/DarkMatterRates/modulation_study/srdm_solar_reflection_rates/Si_qcdark2_rpa_composite_vector_FDM2_ne1/Verne_JUNO_2024-08-08_cadence10min/daily_rates/mX_1_159_MeV_sigmaE_1em37_cm2.csv
Si,1.159,3.16e-37,2,1,JUNO,2024-08-08,10,Verne,rpa,composite,vector,qcdark2,2.7443506832732425e-26,2.7472032997074285e-26,2.7455376891116853e-26,1.4263082170930048e-29,0.000519500505401725,/home/ansh/Projects/SENSEI/DarkMatterRates/modulation_study/srdm_solar_reflection_rates/Si_qcdark2_rpa_composite_vector_FDM2_ne1/Verne_JUNO_2024-08-08_cadence10min/daily_rates/mX_1_159_MeV_sigmaE_3_16em37_cm2.csv
Si,1.159,1e-36,2,1,JUNO,2024-08-08,10,Verne,rpa,composite,vector,qcdark2,2.4539650050605005e-25,2.4619257358518233e-25,2.4572750367632754e-25,3.9803653956614013e-28,0.0016198290122640653,/home/ansh/Projects/SENSEI/DarkMatterRates/modulation_study/srdm_solar_reflection_rates/Si_qcdark2_rpa_composite_vector_FDM2_ne1/Verne_JUNO_2024-08-08_cadence10min/daily_rates/mX_1_159_MeV_sigmaE_1em36_cm2.csv
Si,1.159,3.16e-36,2,1,JUNO,2024-08-08,10,Verne,rpa,composite,vector,qcdark2,1.7382489092125004e-24,1.755614718030327e-24,1.7454601667386265e-24,8.682904408913242e-27,0.004974564630218491,/home/ansh/Projects/SENSEI/DarkMatterRates/modulation_study/srdm_solar_reflection_rates/Si_qcdark2_rpa_composite_vector_FDM2_ne1/Verne_JUNO_2024-08-08_cadence10min/daily_rates/mX_1_159_MeV_sigmaE_3_16em36_cm2.csv
Si,1.159,1e-35,2,1,JUNO,2024-08-08,10,Verne,rpa,composite,vector,qcdark2,8.686165559165918e-24,8.94564931687139e-24,8.7938280947509e-24,1.2974187885273627e-25,0.014753742904092034,/home/ansh/Projects/SENSEI/DarkMatterRates/modulation_study/srdm_solar_reflection_rates/Si_qcdark2_rpa_composite_vector_FDM2_ne1/Verne_JUNO_2024-08-08_cadence10min/daily_rates/mX_1_159_MeV_sigmaE_1em35_cm2.csv
Si,1.159,3.16e-35,2,1,JUNO,2024-08-08,10,Verne,rpa,composite,vector,qcdark2,3.081574586101374e-23,3.3613425582735414e-23,3.1985742144851455e-23,1.3988398608608375e-24,0.04373323134182772,/home/ansh/Projects/SENSEI/DarkMatterRates/modulation_study/srdm_solar_reflection_rates/Si_qcdark2_rpa_composite_vector_FDM2_ne1/Verne_JUNO_2024-08-08_cadence10min/daily_rates/mX_1_159_MeV_sigmaE_3_16em35_cm2.csv
Si,1.159,1e-34,2,1,JUNO,2024-08-08,10,Verne,rpa,composite,vector,qcdark2,1.006327848405286e-22,1.2786274789094863e-22,1.1228740100836143e-22,1.3614981525210013e-23,0.12125119472839326,/home/ansh/Projects/SENSEI/DarkMatterRates/modulation_study/srdm_solar_reflection_rates/Si_qcdark2_rpa_composite_vector_FDM2_ne1/Verne_JUNO_2024-08-08_cadence10min/daily_rates/mX_1_159_MeV_sigmaE_1em34_cm2.csv
Si,1.159,3.16e-34,2,1,JUNO,2024-08-08,10,Verne,rpa,composite,vector,qcdark2,2.841131112442593e-22,5.055558676641925e-22,3.8319465601802886e-22,1.107213782099666e-22,0.2889429079218612,/home/ansh/Projects/SENSEI/DarkMatterRates/modulation_study/srdm_solar_reflection_rates/Si_qcdark2_rpa_composite_vector_FDM2_ne1/Verne_JUNO_2024-08-08_cadence10min/daily_rates/mX_1_159_MeV_sigmaE_3_16em34_cm2.csv
Si,1.159,1e-33,2,1,JUNO,2024-08-08,10,Verne,rpa,composite,vector,qcdark2,6.221122220808275e-22,2.0997229666480254e-21,1.317657703994971e-21,7.388053722835989e-22,0.5606959759303457,/home/ansh/Projects/SENSEI/DarkMatterRates/modulation_study/srdm_solar_reflection_rates/Si_qcdark2_rpa_composite_vector_FDM2_ne1/Verne_JUNO_2024-08-08_cadence10min/daily_rates/mX_1_159_MeV_sigmaE_1em33_cm2.csv
Si,1.471,1e-41,2,1,JUNO,2024-08-08,10,Verne,rpa,composite,vector,qcdark2,1.4519266926358715e-35,1.451926757145242e-35,1.451926719358172e-35,3.2254685308951064e-43,2.2215091766621204e-08,/home/ansh/Projects/SENSEI/DarkMatterRates/modulation_study/srdm_solar_reflection_rates/Si_qcdark2_rpa_composite_vector_FDM2_ne1/Verne_JUNO_2024-08-08_cadence10min/daily_rates/mX_1_471_MeV_sigmaE_1em41_cm2.csv
Si,1.471,3.16e-41,2,1,JUNO,2024-08-08,10,Verne,rpa,composite,vector,qcdark2,1.459236630912839e-34,1.4592368345069389e-34,1.4592367152371364e-34,1.0179704993554178e-41,6.976047742809091e-08,/home/ansh/Projects/SENSEI/DarkMatterRates/modulation_study/srdm_solar_reflection_rates/Si_qcdark2_rpa_composite_vector_FDM2_ne1/Verne_JUNO_2024-08-08_cadence10min/daily_rates/mX_1_471_MeV_sigmaE_3_16em41_cm2.csv
Si,1.471,1e-40,2,1,JUNO,2024-08-08,10,Verne,rpa,composite,vector,qcdark2,1.4698187850232041e-33,1.469819442509889e-33,1.4698190575837301e-33,3.287433424484203e-40,2.236624574652401e-07,/home/ansh/Projects/SENSEI/DarkMatterRates/modulation_study/srdm_solar_reflection_rates/Si_qcdark2_rpa_composite_vector_FDM2_ne1/Verne_JUNO_2024-08-08_cadence10min/daily_rates/mX_1_471_MeV_sigmaE_1em40_cm2.csv
Si,1.471,3.16e-40,2,1,JUNO,2024-08-08,10,Verne,rpa,composite,vector,qcdark2,1.6795410489996183e-32,1.6795433786456784e-32,1.679542013349759e-32,1.1648230300371238e-38,6.935361073307985e-07,/home/ansh/Projects/SENSEI/DarkMatterRates/modulation_study/srdm_solar_reflection_rates/Si_qcdark2_rpa_composite_vector_FDM2_ne1/Verne_JUNO_2024-08-08_cadence10min/daily_rates/mX_1_471_MeV_sigmaE_3_16em40_cm2.csv
Si,1.471,1e-39,2,1,JUNO,2024-08-08,10,Verne,rpa,composite,vector,qcdark2,1.8969620623473979e-31,1.8969702973480096e-31,1.8969654686470687e-31,4.1175003058566585e-37,2.1705720920651724e-06,/home/ansh/Projects/SENSEI/DarkMatterRates/modulation_study/srdm_solar_reflection_rates/Si_qcdark2_rpa_composite_vector_FDM2_ne1/Verne_JUNO_2024-08-08_cadence10min/daily_rates/mX_1_471_MeV_sigmaE_1em39_cm2.csv
Si,1.471,3.16e-39,2,1,JUNO,2024-08-08,10,Verne,rpa,composite,vector,qcdark2,2.2254855206381273e-30,2.225515893200126e-30,2.2254980769176624e-30,1.518628099945044e-35,6.823767298187737e-06,/home/ansh/Projects/SENSEI/DarkMatterRates/modulation_study/srdm_solar_reflection_rates/Si_qcdark2_rpa_composite_vector_FDM2_ne1/Verne_JUNO_2024-08-08_cadence10min/daily_rates/mX_1_471_MeV_sigmaE_3_16em39_cm2.csv
Si,1.471,1e-38,2,1,JUNO,2024-08-08,10,Verne,rpa,composite,vector,qcdark2,2.2646126134882238e-29,2.2647105744395327e-29,2.264653122216267e-29,4.898047565441202e-34,2.162824636316844e-05,/home/ansh/Projects/SENSEI/DarkMatterRates/modulation_study/srdm_solar_reflection_rates/Si_qcdark2_rpa_composite_vector_FDM2_ne1/Verne_JUNO_2024-08-08_cadence10min/daily_rates/mX_1_471_MeV_sigmaE_1em38_cm2.csv
Si,1.471,3.16e-38,2,1,JUNO,2024-08-08,10,Verne,rpa,composite,vector,qcdark2,2.3273290105403547e-28,2.3276438543315026e-28,2.327459112648911e-28,1.5742189557397894e-32,6.763680389418959e-05,/home/ansh/Projects/SENSEI/DarkMatterRates/modulation_study/srdm_solar_reflection_rates/Si_qcdark2_rpa_composite_vector_FDM2_ne1/Verne_JUNO_2024-08-08_cadence10min/daily_rates/mX_1_471_MeV_sigmaE_3_16em38_cm2.csv
Si,1.471,1e-37,2,1,JUNO,2024-08-08,10,Verne,rpa,composite,vector,qcdark2,2.2933915404642356e-27,2.2943779070793936e-27,2.2937992631124108e-27,4.931833075790074e-31,0.00021500717848771855,/home/ansh/Projects/SENSEI/DarkMatterRates/modulation_study/srdm_solar_reflection_rates/Si_qcdark2_rpa_composite_vector_FDM2_ne1/Verne_JUNO_2024-08-08_cadence10min/daily_rates/mX_1_471_MeV_sigmaE_1em37_cm2.csv
Si,1.471,3.16e-37,2,1,JUNO,2024-08-08,10,Verne,rpa,composite,vector,qcdark2,2.2147025669479964e-26,2.2177037877098634e-26,2.2159426205990732e-26,1.5006103809335377e-29,0.0006771882841117305,/home/ansh/Projects/SENSEI/DarkMatterRates/modulation_study/srdm_solar_reflection_rates/Si_qcdark2_rpa_composite_vector_FDM2_ne1/Verne_JUNO_2024-08-08_cadence10min/daily_rates/mX_1_471_MeV_sigmaE_3_16em37_cm2.csv
Si,1.471,1e-36,2,1,JUNO,2024-08-08,10,Verne,rpa,composite,vector,qcdark2,1.9967914728232194e-25,2.0051647764981843e-25,2.0002470515861068e-25,4.186651837482443e-28,0.0020930673709343125,/home/ansh/Projects/SENSEI/DarkMatterRates/modulation_study/srdm_solar_reflection_rates/Si_qcdark2_rpa_composite_vector_FDM2_ne1/Verne_JUNO_2024-08-08_cadence10min/daily_rates/mX_1_471_MeV_sigmaE_1em36_cm2.csv
Si,1.471,3.16e-36,2,1,JUNO,2024-08-08,10,Verne,rpa,composite,vector,qcdark2,1.4360386560848058e-24,1.4544446941214574e-24,1.443625600561869e-24,9.203019018325793e-27,0.0063749347578374305,/home/ansh/Projects/SENSEI/DarkMatterRates/modulation_study/srdm_solar_reflection_rates/Si_qcdark2_rpa_composite_vector_FDM2_ne1/Verne_JUNO_2024-08-08_cadence10min/daily_rates/mX_1_471_MeV_sigmaE_3_16em36_cm2.csv
Si,1.471,1e-35,2,1,JUNO,2024-08-08,10,Verne,rpa,composite,vector,qcdark2,7.242269554711991e-24,7.51518832041222e-24,7.354707357333385e-24,1.3645938285011456e-25,0.01855401938107718,/home/ansh/Projects/SENSEI/DarkMatterRates/modulation_study/srdm_solar_reflection_rates/Si_qcdark2_rpa_composite_vector_FDM2_ne1/Verne_JUNO_2024-08-08_cadence10min/daily_rates/mX_1_471_MeV_sigmaE_1em35_cm2.csv
Si,1.471,3.16e-35,2,1,JUNO,2024-08-08,10,Verne,rpa,composite,vector,qcdark2,2.652481587779066e-23,2.95258184340828e-23,2.7773768340773787e-23,1.5005012781460696e-24,0.054025844089123164,/home/ansh/Projects/SENSEI/DarkMatterRates/modulation_study/srdm_solar_reflection_rates/Si_qcdark2_rpa_composite_vector_FDM2_ne1/Verne_JUNO_2024-08-08_cadence10min/daily_rates/mX_1_471_MeV_sigmaE_3_16em35_cm2.csv
Si,1.471,1e-34,2,1,JUNO,2024-08-08,10,Verne,rpa,composite,vector,qcdark2,8.591994405008471e-23,1.1451933209193484e-22,9.816669104638614e-23,1.4299694020925068e-23,0.14566747507225355,/home/ansh/Projects/SENSEI/DarkMatterRates/modulation_study/srdm_solar_reflection_rates/Si_qcdark2_rpa_composite_vector_FDM2_ne1/Verne_JUNO_2024-08-08_cadence10min/daily_rates/mX_1_471_MeV_sigmaE_1em34_cm2.csv
Si,1.471,3.16e-34,2,1,JUNO,2024-08-08,10,Verne,rpa,composite,vector,qcdark2,2.3785404009811633e-22,4.629024774124596e-22,3.3888785627042262e-22,1.1252421865717165e-22,0.3320396897532398,/home/ansh/Projects/SENSEI/DarkMatterRates/modulation_study/srdm_solar_reflection_rates/Si_qcdark2_rpa_composite_vector_FDM2_ne1/Verne_JUNO_2024-08-08_cadence10min/daily_rates/mX_1_471_MeV_sigmaE_3_16em34_cm2.csv
Si,1.471,1e-33,2,1,JUNO,2024-08-08,10,Verne,rpa,composite,vector,qcdark2,4.654759262820987e-22,1.84222170326894e-21,1.1207144143148924e-21,6.883728884934206e-22,0.6142268536041201,/home/ansh/Projects/SENSEI/DarkMatterRates/modulation_study/srdm_solar_reflection_rates/Si_qcdark2_rpa_composite_vector_FDM2_ne1/Verne_JUNO_2024-08-08_cadence10min/daily_rates/mX_1_471_MeV_sigmaE_1em33_cm2.csv
Si,1.865,3.16e-41,2,1,JUNO,2024-08-08,10,Verne,rpa,composite,vector,qcdark2,1.3668487437087236e-34,1.3668489981346069e-34,1.366848848349074e-34,1.2721294164236702e-41,9.307023362240755e-08,/home/ansh/Projects/SENSEI/DarkMatterRates/modulation_study/srdm_solar_reflection_rates/Si_qcdark2_rpa_composite_vector_FDM2_ne1/Verne_JUNO_2024-08-08_cadence10min/daily_rates/mX_1_865_MeV_sigmaE_3_16em41_cm2.csv
Si,1.865,1e-40,2,1,JUNO,2024-08-08,10,Verne,rpa,composite,vector,qcdark2,1.325160242059021e-33,1.3251610330876366e-33,1.3251605678286786e-33,3.955143078427651e-40,2.9846519542218874e-07,/home/ansh/Projects/SENSEI/DarkMatterRates/modulation_study/srdm_solar_reflection_rates/Si_qcdark2_rpa_composite_vector_FDM2_ne1/Verne_JUNO_2024-08-08_cadence10min/daily_rates/mX_1_865_MeV_sigmaE_1em40_cm2.csv
Si,1.865,3.16e-40,2,1,JUNO,2024-08-08,10,Verne,rpa,composite,vector,qcdark2,1.5474221872538533e-32,1.54742503253687e-32,1.5474233564386747e-32,1.4226415083579162e-38,9.193615324716707e-07,/home/ansh/Projects/SENSEI/DarkMatterRates/modulation_study/srdm_solar_reflection_rates/Si_qcdark2_rpa_composite_vector_FDM2_ne1/Verne_JUNO_2024-08-08_cadence10min/daily_rates/mX_1_865_MeV_sigmaE_3_16em40_cm2.csv
Si,1.865,1e-39,2,1,JUNO,2024-08-08,10,Verne,rpa,composite,vector,qcdark2,1.6270300269590155e-31,1.6270394606978361e-31,1.6270339032514174e-31,4.716869410307184e-37,2.8990603089960997e-06,/home/ansh/Projects/SENSEI/DarkMatterRates/modulation_study/srdm_solar_reflection_rates/Si_qcdark2_rpa_composite_vector_FDM2_ne1/Verne_JUNO_2024-08-08_cadence10min/daily_rates/mX_1_865_MeV_sigmaE_1em39_cm2.csv
Si,1.865,3.16e-39,2,1,JUNO,2024-08-08,10,Verne,rpa,composite,vector,qcdark2,1.7672889948098952e-30,1.767321206398303e-30,1.7673022321630558e-30,1.6105794203925716e-35,9.113208771435397e-06,/home/ansh/Projects/SENSEI/DarkMatterRates/modulation_study/srdm_solar_reflection_rates/Si_qcdark2_rpa_composite_vector_FDM2_ne1/Verne_JUNO_2024-08-08_cadence10min/daily_rates/mX_1_865_MeV_sigmaE_3_16em39_cm2.csv
Si,1.865,1e-38,2,1,JUNO,2024-08-08,10,Verne,rpa,composite,vector,qcdark2,2.003406469590532e-29,2.0035210911294778e-29,2.0034535279365534e-29,5.731076947290022e-34,2.8605988945462164e-05,/home/ansh/Projects/SENSEI/DarkMatterRates/modulation_study/srdm_solar_reflection_rates/Si_qcdark2_rpa_composite_vector_FDM2_ne1/Verne_JUNO_2024-08-08_cadence10min/daily_rates/mX_1_865_MeV_sigmaE_1em38_cm2.csv
Si,1.865,3.16e-38,2,1,JUNO,2024-08-08,10,Verne,rpa,composite,vector,qcdark2,1.9750347953084622e-28,1.9753872263430427e-28,1.9751793446249862e-28,1.7621551729026647e-32,8.921494535156923e-05,/home/ansh/Projects/SENSEI/DarkMatterRates/modulation_study/srdm_solar_reflection_rates/Si_qcdark2_rpa_composite_vector_FDM2_ne1/Verne_JUNO_2024-08-08_cadence10min/daily_rates/mX_1_865_MeV_sigmaE_3_16em38_cm2.csv
Si,1.865,1e-37,2,1,JUNO,2024-08-08,10,Verne,rpa,composite,vector,qcdark2,1.9769941639203435e-27,1.9781178673652768e-27,1.9774553280000697e-27,5.618517224666363e-31,0.0002841286548985528,/home/ansh/Projects/SENSEI/DarkMatterRates/modulation_study/srdm_solar_reflection_rates/Si_qcdark2_rpa_composite_vector_FDM2_ne1/Verne_JUNO_2024-08-08_cadence10min/daily_rates/mX_1_865_MeV_sigmaE_1em37_cm2.csv
Si,1.865,3.16e-37,2,1,JUNO,2024-08-08,10,Verne,rpa,composite,vector,qcdark2,1.873993228454388e-26,1.8773276369533237e-26,1.8753609123557662e-26,1.6672042494678317e-29,0.0008890044782758883,/home/ansh/Projects/SENSEI/DarkMatterRates/modulation_study/srdm_solar_reflection_rates/Si_qcdark2_rpa_composite_vector_FDM2_ne1/Verne_JUNO_2024-08-08_cadence10min/daily_rates/mX_1_865_MeV_sigmaE_3_16em37_cm2.csv
Si,1.865,1e-36,2,1,JUNO,2024-08-08,10,Verne,rpa,composite,vector,qcdark2,1.673189648137726e-25,1.6823318743007898e-25,1.6769346683491377e-25,4.5711130815319395e-28,0.0027258742799038094,/home/ansh/Projects/SENSEI/DarkMatterRates/modulation_study/srdm_solar_reflection_rates/Si_qcdark2_rpa_composite_vector_FDM2_ne1/Verne_JUNO_2024-08-08_cadence10min/daily_rates/mX_1_865_MeV_sigmaE_1em36_cm2.csv
Si,1.865,3.16e-36,2,1,JUNO,2024-08-08,10,Verne,rpa,composite,vector,qcdark2,1.1997727216875585e-24,1.2196880969550069e-24,1.2079211652289971e-24,9.957687633724205e-27,0.00824365688785363,/home/ansh/Projects/SENSEI/DarkMatterRates/modulation_study/srdm_solar_reflection_rates/Si_qcdark2_rpa_composite_vector_FDM2_ne1/Verne_JUNO_2024-08-08_cadence10min/daily_rates/mX_1_865_MeV_sigmaE_3_16em36_cm2.csv
Si,1.865,1e-35,2,1,JUNO,2024-08-08,10,Verne,rpa,composite,vector,qcdark2,6.0201852412219646e-24,6.3120377120189125e-24,6.13970757204244e-24,1.4592623539847395e-25,0.023767619823289076,/home/ansh/Projects/SENSEI/DarkMatterRates/modulation_study/srdm_solar_reflection_rates/Si_qcdark2_rpa_composite_vector_FDM2_ne1/Verne_JUNO_2024-08-08_cadence10min/daily_rates/mX_1_865_MeV_sigmaE_1em35_cm2.csv
Si,1.865,3.16e-35,2,1,JUNO,2024-08-08,10,Verne,rpa,composite,vector,qcdark2,2.2759288866995122e-23,2.598176549881853e-23,2.4095586370208663e-23,1.6112383159117042e-24,0.06686860785026628,/home/ansh/Projects/SENSEI/DarkMatterRates/modulation_study/srdm_solar_reflection_rates/Si_qcdark2_rpa_composite_vector_FDM2_ne1/Verne_JUNO_2024-08-08_cadence10min/daily_rates/mX_1_865_MeV_sigmaE_3_16em35_cm2.csv
Si,1.865,1e-34,2,1,JUNO,2024-08-08,10,Verne,rpa,composite,vector,qcdark2,7.27397248319385e-23,1.0246062963289456e-22,8.548980219991806e-23,1.486045240047803e-23,0.17382719363096474,/home/ansh/Projects/SENSEI/DarkMatterRates/modulation_study/srdm_solar_reflection_rates/Si_qcdark2_rpa_composite_vector_FDM2_ne1/Verne_JUNO_2024-08-08_cadence10min/daily_rates/mX_1_865_MeV_sigmaE_1em34_cm2.csv
Si,1.865,3.16e-34,2,1,JUNO,2024-08-08,10,Verne,rpa,composite,vector,qcdark2,1.924619885896196e-22,4.150704039992609e-22,2.928168756903937e-22,1.1130420770482065e-22,0.38011541323358283,/home/ansh/Projects/SENSEI/DarkMatterRates/modulation_study/srdm_solar_reflection_rates/Si_qcdark2_rpa_composite_vector_FDM2_ne1/Verne_JUNO_2024-08-08_cadence10min/daily_rates/mX_1_865_MeV_sigmaE_3_16em34_cm2.csv
Si,1.865,1e-33,2,1,JUNO,2024-08-08,10,Verne,rpa,composite,vector,qcdark2,3.5043356354006725e-22,1.6515100869811793e-21,9.788933695309756e-22,6.50538261720556e-22,0.6645649893739225,/home/ansh/Projects/SENSEI/DarkMatterRates/modulation_study/srdm_solar_reflection_rates/Si_qcdark2_rpa_composite_vector_FDM2_ne1/Verne_JUNO_2024-08-08_cadence10min/daily_rates/mX_1_865_MeV_sigmaE_1em33_cm2.csv
Si,2.365,1e-40,2,1,JUNO,2024-08-08,10,Verne,rpa,composite,vector,qcdark2,1.3402324777108944e-33,1.3402335329140747e-33,1.3402329084571484e-33,5.2760159015847554e-40,3.9366410631256687e-07,/home/ansh/Projects/SENSEI/DarkMatterRates/modulation_study/srdm_solar_reflection_rates/Si_qcdark2_rpa_composite_vector_FDM2_ne1/Verne_JUNO_2024-08-08_cadence10min/daily_rates/mX_2_365_MeV_sigmaE_1em40_cm2.csv
Si,2.365,3.16e-40,2,1,JUNO,2024-08-08,10,Verne,rpa,composite,vector,qcdark2,1.3408652908615364e-32,1.340868646334577e-32,1.3408666610522447e-32,1.6777365202806352e-38,1.251232929427921e-06,/home/ansh/Projects/SENSEI/DarkMatterRates/modulation_study/srdm_solar_reflection_rates/Si_qcdark2_rpa_composite_vector_FDM2_ne1/Verne_JUNO_2024-08-08_cadence10min/daily_rates/mX_2_365_MeV_sigmaE_3_16em40_cm2.csv
Si,2.365,1e-39,2,1,JUNO,2024-08-08,10,Verne,rpa,composite,vector,qcdark2,1.5546577273848586e-31,1.5546698113680321e-31,1.5546626556212776e-31,6.041991586767335e-37,3.886368251608142e-06,/home/ansh/Projects/SENSEI/DarkMatterRates/modulation_study/srdm_solar_reflection_rates/Si_qcdark2_rpa_composite_vector_FDM2_ne1/Verne_JUNO_2024-08-08_cadence10min/daily_rates/mX_2_365_MeV_sigmaE_1em39_cm2.csv
Si,2.365,3.16e-39,2,1,JUNO,2024-08-08,10,Verne,rpa,composite,vector,qcdark2,1.6622288051302693e-30,1.6622692077815783e-30,1.6622452728013107e-30,2.020132565450922e-35,1.2153035406420373e-05,/home/ansh/Projects/SENSEI/DarkMatterRates/modulation_study/srdm_solar_reflection_rates/Si_qcdark2_rpa_composite_vector_FDM2_ne1/Verne_JUNO_2024-08-08_cadence10min/daily_rates/mX_2_365_MeV_sigmaE_3_16em39_cm2.csv
Si,2.365,1e-38,2,1,JUNO,2024-08-08,10,Verne,rpa,composite,vector,qcdark2,1.7159535232022833e-29,1.7160857996460342e-29,1.7160074408733432e-29,6.6138221875442394e-34,3.8541920215556914e-05,/home/ansh/Projects/SENSEI/DarkMatterRates/modulation_study/srdm_solar_reflection_rates/Si_qcdark2_rpa_composite_vector_FDM2_ne1/Verne_JUNO_2024-08-08_cadence10min/daily_rates/mX_2_365_MeV_sigmaE_1em38_cm2.csv
Si,2.365,3.16e-38,2,1,JUNO,2024-08-08,10,Verne,rpa,composite,vector,qcdark2,1.8376465725543037e-28,1.8380878001631364e-28,1.8378262850115961e-28,2.206138044163504e-32,0.00012004061875464927,/home/ansh/Projects/SENSEI/DarkMatterRates/modulation_study/srdm_solar_reflection_rates/Si_qcdark2_rpa_composite_vector_FDM2_ne1/Verne_JUNO_2024-08-08_cadence10min/daily_rates/mX_2_365_MeV_sigmaE_3_16em38_cm2.csv
Si,2.365,1e-37,2,1,JUNO,2024-08-08,10,Verne,rpa,composite,vector,qcdark2,1.748959921727848e-27,1.750277431612286e-27,1.7494963905654222e-27,6.587549422190591e-31,0.00037653975496694514,/home/ansh/Projects/SENSEI/DarkMatterRates/modulation_study/srdm_solar_reflection_rates/Si_qcdark2_rpa_composite_vector_FDM2_ne1/Verne_JUNO_2024-08-08_cadence10min/daily_rates/mX_2_365_MeV_sigmaE_1em37_cm2.csv
Si,2.365,3.16e-37,2,1,JUNO,2024-08-08,10,Verne,rpa,composite,vector,qcdark2,1.665457790351759e-26,1.6694288837723658e-26,1.6670750403027963e-26,1.9855467103033632e-29,0.0011910361935133537,/home/ansh/Projects/SENSEI/DarkMatterRates/modulation_study/srdm_solar_reflection_rates/Si_qcdark2_rpa_composite_vector_FDM2_ne1/Verne_JUNO_2024-08-08_cadence10min/daily_rates/mX_2_365_MeV_sigmaE_3_16em37_cm2.csv
Si,2.365,1e-36,2,1,JUNO,2024-08-08,10,Verne,rpa,composite,vector,qcdark2,1.4837074536243787e-25,1.4945478778873728e-25,1.488116910610015e-25,5.420212131497088e-28,0.003642329505734339,/home/ansh/Projects/SENSEI/DarkMatterRates/modulation_study/srdm_solar_reflection_rates/Si_qcdark2_rpa_composite_vector_FDM2_ne1/Verne_JUNO_2024-08-08_cadence10min/daily_rates/mX_2_365_MeV_sigmaE_1em36_cm2.csv
Si,2.365,3.16e-36,2,1,JUNO,2024-08-08,10,Verne,rpa,composite,vector,qcdark2,1.0361290033312278e-24,1.0585890379024545e-24,1.0452510334971136e-24,1.1230017285613347e-26,0.01074384710057726,/home/ansh/Projects/SENSEI/DarkMatterRates/modulation_study/srdm_solar_reflection_rates/Si_qcdark2_rpa_composite_vector_FDM2_ne1/Verne_JUNO_2024-08-08_cadence10min/daily_rates/mX_2_365_MeV_sigmaE_3_16em36_cm2.csv
Si,2.365,1e-35,2,1,JUNO,2024-08-08,10,Verne,rpa,composite,vector,qcdark2,5.132881973610647e-24,5.451558415696776e-24,5.262619039933273e-24,1.5933822104306436e-25,0.030277361867539754,/home/ansh/Projects/SENSEI/DarkMatterRates/modulation_study/srdm_solar_reflection_rates/Si_qcdark2_rpa_composite_vector_FDM2_ne1/Verne_JUNO_2024-08-08_cadence10min/daily_rates/mX_2_365_MeV_sigmaE_1em35_cm2.csv
Si,2.365,3.16e-35,2,1,JUNO,2024-08-08,10,Verne,rpa,composite,vector,qcdark2,1.9548911760813304e-23,2.2994288437053727e-23,2.097356372731595e-23,1.7226883381202115e-24,0.08213617678509179,/home/ansh/Projects/SENSEI/DarkMatterRates/modulation_study/srdm_solar_reflection_rates/Si_qcdark2_rpa_composite_vector_FDM2_ne1/Verne_JUNO_2024-08-08_cadence10min/daily_rates/mX_2_365_MeV_sigmaE_3_16em35_cm2.csv
Si,2.365,1e-34,2,1,JUNO,2024-08-08,10,Verne,rpa,composite,vector,qcdark2,6.17805292486933e-23,9.235703751072078e-23,7.493041569642509e-23,1.5288254131013738e-23,0.20403268804690666,/home/ansh/Projects/SENSEI/DarkMatterRates/modulation_study/srdm_solar_reflection_rates/Si_qcdark2_rpa_composite_vector_FDM2_ne1/Verne_JUNO_2024-08-08_cadence10min/daily_rates/mX_2_365_MeV_sigmaE_1em34_cm2.csv
Si,2.365,3.16e-34,2,1,JUNO,2024-08-08,10,Verne,rpa,composite,vector,qcdark2,1.5671812864094065e-22,3.7560448927755774e-22,2.5580556788493654e-22,1.0944318031830856e-22,0.42783736579000897,/home/ansh/Projects/SENSEI/DarkMatterRates/modulation_study/srdm_solar_reflection_rates/Si_qcdark2_rpa_composite_vector_FDM2_ne1/Verne_JUNO_2024-08-08_cadence10min/daily_rates/mX_2_365_MeV_sigmaE_3_16em34_cm2.csv
Si,2.365,1e-33,2,1,JUNO,2024-08-08,10,Verne,rpa,composite,vector,qcdark2,2.5916033801634802e-22,1.4650166456664751e-21,8.51462363707924e-22,6.029281538250636e-22,0.7081089893385883,/home/ansh/Projects/SENSEI/DarkMatterRates/modulation_study/srdm_solar_reflection_rates/Si_qcdark2_rpa_composite_vector_FDM2_ne1/Verne_JUNO_2024-08-08_cadence10min/daily_rates/mX_2_365_MeV_sigmaE_1em33_cm2.csv
Si,3.0,1e-40,2,1,JUNO,2024-08-08,10,Verne,rpa,composite,vector,qcdark2,1.3508100134854011e-33,1.3508114178251424e-33,1.3508105814577819e-33,7.0216987064014485e-40,5.198137179843304e-07,/home/ansh/Projects/SENSEI/DarkMatterRates/modulation_study/srdm_solar_reflection_rates/Si_qcdark2_rpa_composite_vector_FDM2_ne1/Verne_JUNO_2024-08-08_cadence10min/daily_rates/mX_3_MeV_sigmaE_1em40_cm2.csv
Si,3.0,3.16e-40,2,1,JUNO,2024-08-08,10,Verne,rpa,composite,vector,qcdark2,1.415539075283183e-32,1.415543700864976e-32,1.415540944887073e-32,2.3127908964734815e-38,1.6338565866478614e-06,/home/ansh/Projects/SENSEI/DarkMatterRates/modulation_study/srdm_solar_reflection_rates/Si_qcdark2_rpa_composite_vector_FDM2_ne1/Verne_JUNO_2024-08-08_cadence10min/daily_rates/mX_3_MeV_sigmaE_3_16em40_cm2.csv
Si,3.0,1e-39,2,1,JUNO,2024-08-08,10,Verne,rpa,composite,vector,qcdark2,1.5162938646061539e-31,1.5163096944141108e-31,1.5163002661803324e-31,7.914903978462622e-37,5.219879040449439e-06,/home/ansh/Projects/SENSEI/DarkMatterRates/modulation_study/srdm_solar_reflection_rates/Si_qcdark2_rpa_composite_vector_FDM2_ne1/Verne_JUNO_2024-08-08_cadence10min/daily_rates/mX_3_MeV_sigmaE_1em39_cm2.csv
Si,3.0,3.16e-39,2,1,JUNO,2024-08-08,10,Verne,rpa,composite,vector,qcdark2,1.603511173917335e-30,1.603563167310873e-30,1.603532178946285e-30,2.5996696768977767e-35,1.6212145356547037e-05,/home/ansh/Projects/SENSEI/DarkMatterRates/modulation_study/srdm_solar_reflection_rates/Si_qcdark2_rpa_composite_vector_FDM2_ne1/Verne_JUNO_2024-08-08_cadence10min/daily_rates/mX_3_MeV_sigmaE_3_16em39_cm2.csv
Si,3.0,1e-38,2,1,JUNO,2024-08-08,10,Verne,rpa,composite,vector,qcdark2,1.6635497330702544e-29,1.66371834998112e-29,1.6636178245200594e-29,8.430845543275302e-34,5.067777838763861e-05,/home/ansh/Projects/SENSEI/DarkMatterRates/modulation_study/srdm_solar_reflection_rates/Si_qcdark2_rpa_composite_vector_FDM2_ne1/Verne_JUNO_2024-08-08_cadence10min/daily_rates/mX_3_MeV_sigmaE_1em38_cm2.csv
Si,3.0,3.16e-38,2,1,JUNO,2024-08-08,10,Verne,rpa,composite,vector,qcdark2,1.702228216147142e-28,1.7027720384629173e-28,1.7024478509761016e-28,2.719111578876539e-32,0.00015971776036003286,/home/ansh/Projects/SENSEI/DarkMatterRates/modulation_study/srdm_solar_reflection_rates/Si_qcdark2_rpa_composite_vector_FDM2_ne1/Verne_JUNO_2024-08-08_cadence10min/daily_rates/mX_3_MeV_sigmaE_3_16em38_cm2.csv
Si,3.0,1e-37,2,1,JUNO,2024-08-08,10,Verne,rpa,composite,vector,qcdark2,1.6758063920815614e-27,1.6775089597998394e-27,1.6764941981953655e-27,8.512838591389698e-31,0.0005077762034937671,/home/ansh/Projects/SENSEI/DarkMatterRates/modulation_study/srdm_solar_reflection_rates/Si_qcdark2_rpa_composite_vector_FDM2_ne1/Verne_JUNO_2024-08-08_cadence10min/daily_rates/mX_3_MeV_sigmaE_1em37_cm2.csv
Si,3.0,3.16e-37,2,1,JUNO,2024-08-08,10,Verne,rpa,composite,vector,qcdark2,1.588038261540768e-26,1.5930674386240496e-26,1.5900692527545493e-26,2.5145885416407555e-29,0.0015814333478146436,/home/ansh/Projects/SENSEI/DarkMatterRates/modulation_study/srdm_solar_reflection_rates/Si_qcdark2_rpa_composite_vector_FDM2_ne1/Verne_JUNO_2024-08-08_cadence10min/daily_rates/mX_3_MeV_sigmaE_3_16em37_cm2.csv
Si,3.0,1e-36,2,1,JUNO,2024-08-08,10,Verne,rpa,composite,vector,qcdark2,1.3493133621473409e-25,1.3623479665866506e-25,1.3545725231651e-25,6.517302219654861e-28,0.004811335021344228,/home/ansh/Projects/SENSEI/DarkMatterRates/modulation_study/srdm_solar_reflection_rates/Si_qcdark2_rpa_composite_vector_FDM2_ne1/Verne_JUNO_2024-08-08_cadence10min/daily_rates/mX_3_MeV_sigmaE_1em36_cm2.csv
Si,3.0,3.16e-36,2,1,JUNO,2024-08-08,10,Verne,rpa,composite,vector,qcdark2,9.124627350804759e-25,9.385248836586263e-25,9.229761746358126e-25,1.3031074289075198e-26,0.014118538102261406,/home/ansh/Projects/SENSEI/DarkMatterRates/modulation_study/srdm_solar_reflection_rates/Si_qcdark2_rpa_composite_vector_FDM2_ne1/Verne_JUNO_2024-08-08_cadence10min/daily_rates/mX_3_MeV_sigmaE_3_16em36_cm2.csv
Si,3.0,1e-35,2,1,JUNO,2024-08-08,10,Verne,rpa,composite,vector,qcdark2,4.4496931874472644e-24,4.807954055134772e-24,4.594869284801805e-24,1.791304338437538e-25,0.03898488134064088,/home/ansh/Projects/SENSEI/DarkMatterRates/modulation_study/srdm_solar_reflection_rates/Si_qcdark2_rpa_composite_vector_FDM2_ne1/Verne_JUNO_2024-08-08_cadence10min/daily_rates/mX_3_MeV_sigmaE_1em35_cm2.csv
Si,3.0,3.16e-35,2,1,JUNO,2024-08-08,10,Verne,rpa,composite,vector,qcdark2,1.6811595489725307e-23,2.0517309718033823e-23,1.8343241256950005e-23,1.8528571141542583e-24,0.10101034425702905,/home/ansh/Projects/SENSEI/DarkMatterRates/modulation_study/srdm_solar_reflection_rates/Si_qcdark2_rpa_composite_vector_FDM2_ne1/Verne_JUNO_2024-08-08_cadence10min/daily_rates/mX_3_MeV_sigmaE_3_16em35_cm2.csv
Si,3.0,1e-34,2,1,JUNO,2024-08-08,10,Verne,rpa,composite,vector,qcdark2,5.1365705509685454e-23,8.248411734299987e-23,6.481038150934816e-23,1.5559205916657206e-23,0.24007274072924517,/home/ansh/Projects/SENSEI/DarkMatterRates/modulation_study/srdm_solar_reflection_rates/Si_qcdark2_rpa_composite_vector_FDM2_ne1/Verne_JUNO_2024-08-08_cadence10min/daily_rates/mX_3_MeV_sigmaE_1em34_cm2.csv
Si,3.0,3.16e-34,2,1,JUNO,2024-08-08,10,Verne,rpa,composite,vector,qcdark2,1.2370617435715696e-22,3.3303791830803756e-22,2.1916997436344645e-22,1.046658719754403e-22,0.4775557066127789,/home/ansh/Projects/SENSEI/DarkMatterRates/modulation_study/srdm_solar_reflection_rates/Si_qcdark2_rpa_composite_vector_FDM2_ne1/Verne_JUNO_2024-08-08_cadence10min/daily_rates/mX_3_MeV_sigmaE_3_16em34_cm2.csv
